162415.SZ,美国消费
160140.SZ,南方道琼斯美国精选REIT指数(QDII-LOF)A
520520.SH,HK消费
159699.SZ,广发恒生消费(QDII-ETF)
161116.SZ,易方达黄金主题(QDII-LOF-FOF)A(人民币份额)
159866.SZ,日经ETF
159561.SZ,嘉实德国DAX ETF(QDII)
520580.SH,招商利安新兴亚洲精选ETF(QDII)
513080.SH,华安法国CAC40ETF
159688.SZ,华安恒生互联网科技业ETF(QDII)
520570.SH,南方恒生科技ETF(QDII)
513390.SH,博时纳斯达克100ETF
520830.SH,沙特ETF
513050.SH,易方达中证海外中国互联网50(QDII-ETF)
501300.SH,海富通美元债QDII(人民币份额)
161130.SZ,易方达纳斯达克100ETF联接(QDII-LOF)A(人民币份额)
161126.SZ,易方达标普医疗保健指数(QDII-LOF)A(人民币份额)
159329.SZ,南方基金南方东英沙特阿拉伯ETF(QDII)
159741.SZ,嘉实恒生科技ETF(QDII)
159750.SZ,招商中证香港科技ETF(QDII)
159850.SZ,华夏恒生中国企业ETF(QDII)
164824.SZ,工银印度基金人民币
520920.SH,天弘恒生科技ETF
513950.SH,富国恒生港股通高股息低波动ETF(QDII)
159632.SZ,华安纳斯达克100ETF(QDII)
159659.SZ,招商纳斯达克100ETF(QDII)
513360.SH,博时全球中国教育(QDII-ETF)
159509.SZ,景顺长城纳斯达克科技ETF(QDII)
159202.SZ,万家恒生互联网科技业ETF(QDII)
159513.SZ,大成纳斯达克100ETF(QDII)
513880.SH,华安日经225ETF
513850.SH,易方达MSCI美国50ETF(QDII)
160416.SZ,华安标普全球石油指数(LOF)A
513060.SH,博时恒生医疗保健(QDII-ETF)
164705.SZ,汇添富恒生指数(QDII-LOF)A
162719.SZ,广发道琼斯石油指数(QDII-LOF)人民币A
161129.SZ,易方达原油(QDII-LOF-FOF)A(人民币份额)
159696.SZ,易方达纳斯达克100ETF(QDII)
159655.SZ,华夏标普500ETF(QDII)
513100.SH,国泰纳斯达克100(QDII-ETF)
501021.SH,华宝标普香港上市中国中小盘指数(LOF)A
159747.SZ,南方中证香港科技ETF(QDII)
160216.SZ,国泰大宗商品(QDII-LOF)A
159529.SZ,景顺长城标普消费精选ETF(QDII)
159577.SZ,汇添富MSCI美国50ETF
163208.SZ,诺安油气能源(QDII-FOF-LOF)
513120.SH,广发中证香港创新药(QDII-ETF)
160924.SZ,大成恒生指数(QDII-LOF)A
513730.SH,东南亚
513580.SH,华安恒生科技ETF
159687.SZ,南方基金南方东英富时亚太低碳精选ETF(QDII)
160717.SZ,嘉实H股指数(QDII-LOF)
513310.SH,中韩芯片
159612.SZ,国泰标普500ETF
513220.SH,招商中证全球中国互联网ETF(QDII)
513010.SH,易方达恒生科技ETF(QDII)
513800.SH,南方顶峰TOPIXETF(QDII)
159519.SZ,国泰中证香港内地国有企业ETF(QDII)
160719.SZ,嘉实黄金(QDII-FOF-LOF)
162411.SZ,华宝油气
513970.SH,景顺长城恒生消费ETF(QDII)
159941.SZ,广发纳指100ETF
501018.SH,南方原油(QDII-FOF-LOF)A
164906.SZ,交银中证海外中国互联网指数(LOF)A
513650.SH,南方标普500ETF(QDII)
160644.SZ,鹏华港美互联网股票(LOF)
513030.SH,华安德国(DAX)ETF
160723.SZ,嘉实原油(QDII-LOF)
513890.SH,摩根恒生科技ETF(QDII)
161815.SZ,银华抗通胀主题(QDII-FOF-LOF)A
520500.SH,恒生新药
513280.SH,汇添富恒生生物科技ETF
159615.SZ,南方恒生生物科技ETF(QDII)
513520.SH,华夏野村日经225ETF
159822.SZ,新经济
159892.SZ,华夏恒生生物科技ETF(QDII)
513000.SH,易方达日兴资管日经225ETF(QDII)
513180.SH,华夏恒生科技ETF(QDII)
513500.SH,博时标普500ETF
161125.SZ,易方达标普500指数(QDII-LOF)A(人民币份额)
513400.SH,道琼斯ETF
513380.SH,广发恒生科技(QDII-ETF)
159740.SZ,大成恒生科技ETF(QDII)
159100.SZ,华夏布拉德斯科技巴西伊博维斯帕ETF(QDII)
159518.SZ,嘉实标普石油天然气勘探及生产精选行业ETF(QDII)
159920.SZ,华夏恒生ETF
159660.SZ,汇添富纳斯达克100ETF
161831.SZ,银华恒生国企指数(QDII-LOF)A
513130.SH,恒生科技
161128.SZ,易方达标普信息科技指数(QDII-LOF)A(人民币份额)
159501.SZ,嘉实纳斯达克100ETF(QDII)
513170.SH,鹏华恒生中国央企ETF(QDII)
160125.SZ,南方香港优选股票(QDII-LOF)
513140.SH,港股金融
159303.SZ,大成恒生医疗保健ETF(QDII)
513350.SH,富国标普石油天然气勘探及生产精选行业ETF(QDII)
510900.SH,易方达恒生国企(QDII-ETF)
165513.SZ,中信保诚全球商品主题(QDII-FOF-LOF)A
513260.SH,汇添富恒生科技ETF
513810.SH,华夏中证香港内地国有企业ETF(QDII)
159607.SZ,嘉实中证海外中国互联网30ETF(QDII)
159557.SZ,嘉实恒生医疗保健ETF(QDII)
159502.SZ,嘉实标普生物科技精选行业ETF(QDII)
513870.SH,富国纳斯达克100ETF(QDII)
501312.SH,海外科技LOF
513330.SH,华夏恒生互联网科技业ETF(QDII)
520870.SH,易方达巴西ETF(QDII)
161127.SZ,易方达标普生物科技指数(QDII-LOF)A(人民币份额)
161124.SZ,易方达香港恒生综合小型股指数(QDII-LOF)A
513300.SH,华夏纳斯达克100ETF(QDII)
159742.SZ,博时恒生科技ETF(QDII)
159605.SZ,广发中证海外中国互联网30(QDII-ETF)
513210.SH,易方达恒生ETF(QDII)
513110.SH,纳指100
164701.SZ,汇添富黄金及贵金属(QDII-LOF-FOF)A
513530.SH,港股红利
513290.SH,汇添富纳斯达克生物科技ETF