511010.SH,国泰上证5年期国债ETF
551510.SH,科创债ETF华泰柏瑞
511090.SH,鹏扬中债-30年期国债ETF
551500.SH,易方达中证AAA科技创新公司债ETF
511200.SH,华夏上证基准做市公司债ETF
511380.SH,博时可转债ETF
551030.SH,鹏华上证AAA科创债ETF
159397.SZ,广发深证基准做市信用债ETF
511220.SH,海富通上证城投债ETF
159116.SZ,科创债ETF工银
511520.SH,富国中债7-10年政策性金融债ETF
551900.SH,招商中证AAA科技创新公司债ETF
159700.SZ,南方中证AAA科技创新公司债ETF
511070.SH,南方上证基准做市公司债ETF
511110.SH,易方达上证基准做市公司债ETF
551300.SH,摩根上证AAA科技创新公司债ETF
159112.SZ,科创债ETF银华
511190.SH,海富通上证基准做市公司债ETF
159115.SZ,华安中证AAA科技创新公司债ETF
159398.SZ,天弘深证基准做市信用债ETF
159200.SZ,富国中证AAA科技创新公司债ETF
159972.SZ,5年地债
511360.SH,海富通中证短融ETF
551560.SH,兴业中证AAA科技创新公司债ETF
159651.SZ,平安中债-0-3年国开行债券ETF
159650.SZ,博时中债0-3年国开行ETF
511100.SH,华夏上证基准做市国债ETF
511030.SH,平安中高等级公司债利差因子ETF
159400.SZ,景顺长城深证AAA科技创新公司债ETF
159113.SZ,大成中证AAA科技创新公司债ETF
511270.SH,海富通上证10年期地方政府债ETF
159111.SZ,天弘中证AAA科技创新公司债ETF
159110.SZ,万家深证AAA科技创新公司债ETF
551550.SH,华夏中证AAA科技创新公司债ETF
159600.SZ,嘉实中证AAA科技创新公司债ETF
551800.SH,国泰中证AAA科技创新公司债ETF
551520.SH,汇添富中证AAA科创债ETF
159396.SZ,博时深证基准做市信用债ETF
511160.SH,国债ETF东财
511130.SH,博时上证30年期国债ETF
511580.SH,招商中证国债及政策性金融债0-3年ETF
159649.SZ,华安中债1-5年国开行债券ETF
159816.SZ,0-4地债
551580.SH,泰康中证AAA科技创新公司债ETF
511020.SH,平安5-10年期国债活跃券ETF
511150.SH,科创债ETF永赢
511120.SH,广发上证AAA科技创新公司债ETF
551060.SH,中银上证AAA科创债ETF
551000.SH,博时上证AAA科创债ETF
511260.SH,上证10年期国债ETF
159395.SZ,大成深证基准做市信用债ETF
511060.SH,海富通上证5年期地方政府债ETF
511180.SH,海富通上证投资级可转债ETF