513900.SH,华安CES港股通精选100ETF
159726.SZ,华夏恒生中国内地企业高股息率ETF
160322.SZ,华夏港股通精选股票(LOF)A
513660.SH,华夏沪港通恒生ETF
159792.SZ,富国中证港股通互联网ETF
501305.SH,汇添富中证港股通高股息投资ETF联接(LOF)A
159711.SZ,华夏中证港股通50ETF
159960.SZ,平安恒生中国企业ETF
159128.SZ,天弘国证港股通科技ETF
159286.SZ,鹏华国证港股通创新药ETF
520510.SH,华夏中证港股通医疗主题ETF
159237.SZ,港股汽车ETF基金
520670.SH,嘉实恒生港股通科技主题ETF
159251.SZ,万家国证港股通科技ETF
513560.SH,兴银中证港股通科技ETF
159127.SZ,南方中证港股通高股息投资ETF
159776.SZ,港股通医药ETF
513780.SH,景顺长城中证港股通创新药ETF
513820.SH,汇添富中证港股通高股息投资ETF
513700.SH,香港医药
513070.SH,易方达中证港股通消费主题ETF
159545.SZ,易方达恒生港股通高股息低波动ETF
159277.SZ,富国中证港股通高股息投资ETF
520860.SH,富国中证港股通科技ETF
513830.SH,嘉实中证港股通高股息投资ETF
159297.SZ,南方国证港股通创新药ETF
513190.SH,华夏中证港股通内地金融ETF
159567.SZ,港股创新药ETF
501306.SH,汇添富中证港股通高股息投资ETF联接(LOF)C
159210.SZ,汇添富中证港股通汽车产业主题ETF
513690.SH,博时恒生高股息ETF
520660.SH,南方中证国新港股通央企红利ETF
520720.SH,国泰中证港股通汽车产业主题ETF
501311.SH,嘉实恒生港股通新经济指数(LOF)A
159125.SZ,招商国证港股通科技ETF
159117.SZ,鹏华港股通低波红利ETF
513590.SH,香港消费
513160.SH,科技30
513550.SH,港股通50
159102.SZ,华安恒生生物科技ETF
159220.SZ,华宝标普港股通低波红利ETF
520560.SH,华宝港股通恒生中国(香港上市)30ETF
159366.SZ,港股医疗ETF
159269.SZ,南方中证港股通科技ETF
159691.SZ,港股红利ETF
159271.SZ,鹏华恒生ETF
513770.SH,华宝中证港股通互联网ETF
520970.SH,嘉实中证港股通创新药ETF
513150.SH,港科技50
501307.SH,沪港深红利LOF
520550.SH,招商恒生港股通高股息低波动ETF
513920.SH,华安恒生港股通中国央企红利ETF
520990.SH,景顺长城中证国新港股通央企红利ETF
159570.SZ,汇添富国证港股通创新药ETF
159281.SZ,天弘中证港股通央企红利ETF
159316.SZ,易方达恒生港股通创新药ETF
513910.SH,华夏中证港股通央企红利ETF
520650.SH,南方中证港股通互联网ETF
159568.SZ,博时港股通互联网ETF
159285.SZ,华安国证港股通消费主题ETF
159120.SZ,国联安港股通科技ETF
159280.SZ,汇添富国证港股通互联网ETF
513990.SH,招商上证港股通ETF
513860.SH,海富通中证港股通科技ETF
513320.SH,易方达恒生港股通新经济ETF
159954.SZ,南方恒生中国企业ETF
513750.SH,广发中证港股通非银ETF
159131.SZ,华宝中证港股通信息技术综合ETF
159312.SZ,广发恒指港股通ETF
159121.SZ,易方达恒生港股通汽车主题ETF
501025.SH,鹏华中证香港银行指数(LOF)A
520620.SH,嘉实恒生消费ETF
159636.SZ,港股通科技30ETF
520700.SH,万家中证港股通创新药ETF
159333.SZ,万家中证港股通央企红利ETF
159318.SZ,恒生港股通ETF
159735.SZ,港股消费
520900.SH,广发中证国新港股通央企红利ETF
513040.SH,易方达中证港股通互联网ETF
520980.SH,汇添富恒生港股通中国科技ETF
513630.SH,摩根标普港股通低波红利ETF
501303.SH,广发恒生中型股指数(LOF)A
513020.SH,国泰中证港股通科技ETF
159239.SZ,富国恒生港股通汽车主题ETF
159788.SZ,易方达中证港股通中国100ETF
159265.SZ,鹏华国证港股通消费主题ETF
520890.SH,港红利
159751.SZ,港股科技ETF
520600.SH,广发中证港股通汽车ETF
159266.SZ,港股通央企红利ETF
513600.SH,南方恒生指数ETF
520690.SH,博时恒生港股通创新药精选ETF
159245.SZ,富国国证港股通消费主题ETF
159323.SZ,华夏中证港股通汽车产业主题ETF
159569.SZ,景顺长城国证港股通红利低波动率ETF
501301.SH,华宝港股通恒生中国(香港上市)30ETF联接(LOF)A
513090.SH,易方达中证香港证券投资主题(港股通)ETF
159109.SZ,景顺长城恒生港股通50ETF
159506.SZ,富国恒生港股通创新药及医疗保健ETF
159101.SZ,华夏国证港股通科技ETF
159217.SZ,港股通创新药ETF工银
513230.SH,华夏中证港股通消费主题ETF
513980.SH,景顺长城中证港股通科技ETF
159718.SZ,平安中证港股医药ETF
159105.SZ,易方达恒生生物科技ETF
159712.SZ,国泰中证港股通50ETF
159331.SZ,国泰中证港股通高股息投资ETF
520940.SH,华安恒指港股通ETF
520960.SH,嘉实恒指港股通ETF
159365.SZ,富国恒指港股通ETF
501310.SH,华宝标普沪港深中国增强价值指数A
520880.SH,华宝恒生港股通创新药精选ETF
520840.SH,华安恒生港股通科技主题ETF
159268.SZ,汇添富国证港股通消费主题ETF
159262.SZ,广发恒生港股通科技主题ETF
159126.SZ,南方中证港股通50ETF
513200.SH,易方达中证港股通医药卫生综合ETF
159302.SZ,港股高股息ETF
501302.SH,南方恒生指数ETF联接(LOF)A