159003.SZ,招商保证金快线a
511690.SH,大成添益交易型货币e
511860.SH,博时保证金货币etf
511800.SH,易方达货币e
511820.SH,鹏华添利交易型货币b
511960.SH,嘉实快线货币h
511910.SH,融通易支付货币e
511850.SH,财富宝e
511620.SH,国泰瞬利货币a
511770.SH,金鹰现金增益e
511990.SH,华宝添益
511920.SH,广发货币e
511880.SH,银华日利
511670.SH,华泰紫金天天金货币etfa
159001.SZ,易方达保证金货币a
511950.SH,广发添利货币a
511970.SH,国寿安保货币e
511980.SH,汇添富添富通货币e
511600.SH,华安日日鑫货币h
511810.SH,南方理财金货币etf
511700.SH,平安货币etf
511830.SH,华泰货币
511660.SH,建信现金添益货币h
511900.SH,富国收益宝交易型货币h
159005.SZ,汇添富收益快线货币a
511930.SH,国联日盈a
511650.SH,华夏快线货币e