600028.SH,中国石化
600030.SH,中信证券
600031.SH,三一重工
600036.SH,招商银行
600050.SH,中国联通
600089.SH,特变电工
600111.SH,北方稀土
600150.SH,中国船舶
600183.SH,生益科技
600276.SH,恒瑞医药
600309.SH,万华化学
600406.SH,国电南瑞
600519.SH,贵州茅台
600760.SH,中航沈飞
600809.SH,山西汾酒
600887.SH,伊利股份
600900.SH,长江电力
600930.SH,华电新能
601012.SH,隆基绿能
601088.SH,中国神华
601127.SH,赛力斯
601166.SH,兴业银行
601211.SH,国泰海通
601288.SH,农业银行
601318.SH,中国平安
601328.SH,交通银行
601398.SH,工商银行
601600.SH,中国铝业
601601.SH,中国太保
601628.SH,中国人寿
601658.SH,邮储银行
601668.SH,中国建筑
601688.SH,华泰证券
601728.SH,中国电信
601857.SH,中国石油
601888.SH,中国中免
601899.SH,紫金矿业
601919.SH,中远海控
601988.SH,中国银行
603019.SH,中科曙光
603259.SH,药明康德
603501.SH,豪威集团
603986.SH,兆易创新
603993.SH,洛阳钼业
688008.SH,澜起科技
688012.SH,中微公司
688041.SH,海光信息
688111.SH,金山办公
688256.SH,寒武纪
688981.SH,中芯国际
