000009.SZ,中国宝安
000021.SZ,深科技
000027.SZ,深圳能源
000032.SZ,深桑达Ａ
000034.SZ,神州数码
000039.SZ,中集集团
000050.SZ,深天马Ａ
000060.SZ,中金岭南
000062.SZ,深圳华强
000088.SZ,盐田港
000155.SZ,川能动力
000400.SZ,许继电气
000415.SZ,渤海租赁
000423.SZ,东阿阿胶
000429.SZ,粤高速Ａ
000513.SZ,丽珠集团
000519.SZ,中兵红箭
000528.SZ,柳工
000537.SZ,绿发电力
000539.SZ,粤电力Ａ
000559.SZ,万向钱潮
000582.SZ,北部湾港
000591.SZ,太阳能
000598.SZ,兴蓉环境
000623.SZ,吉林敖东
000629.SZ,钒钛股份
000661.SZ,长春高新
000683.SZ,博源化工
000703.SZ,恒逸石化
000709.SZ,河钢股份
000723.SZ,美锦能源
000728.SZ,国元证券
000729.SZ,燕京啤酒
000733.SZ,振华科技
000737.SZ,北方铜业
000738.SZ,航发控制
000739.SZ,普洛药业
000750.SZ,国海证券
000783.SZ,长江证券
000785.SZ,居然智家
000786.SZ,北新建材
000800.SZ,一汽解放
000825.SZ,太钢不锈
000830.SZ,鲁西化工
000831.SZ,中国稀土
000878.SZ,云南铜业
000883.SZ,湖北能源
000887.SZ,中鼎股份
000893.SZ,亚钾国际
000898.SZ,鞍钢股份
000921.SZ,海信家电
000932.SZ,华菱钢铁
000937.SZ,冀中能源
000951.SZ,中国重汽
000959.SZ,首钢股份
000960.SZ,锡业股份
000967.SZ,盈峰环境
000983.SZ,山西焦煤
000987.SZ,越秀资本
000997.SZ,新大陆
001203.SZ,大中矿业
001221.SZ,悍高集团
001286.SZ,陕西能源
001309.SZ,德明利
001386.SZ,马可波罗
001389.SZ,广合科技
001696.SZ,宗申动力
002007.SZ,华兰生物
002008.SZ,大族激光
002025.SZ,航天电器
002032.SZ,苏泊尔
002044.SZ,美年健康
002056.SZ,横店东磁
002064.SZ,华峰化学
002065.SZ,东华软件
002078.SZ,太阳纸业
002085.SZ,万丰奥威
002120.SZ,韵达股份
002126.SZ,银轮股份
002130.SZ,沃尔核材
002131.SZ,利欧股份
002138.SZ,顺络电子
002152.SZ,广电运通
002153.SZ,石基信息
002155.SZ,湖南黄金
002157.SZ,正邦科技
002185.SZ,华天科技
002195.SZ,岩山科技
002203.SZ,海亮股份
002223.SZ,鱼跃医疗
002244.SZ,滨江集团
002252.SZ,上海莱士
002261.SZ,拓维信息
002262.SZ,恩华药业
002265.SZ,建设工业
002266.SZ,浙富控股
002271.SZ,东方雨虹
002273.SZ,水晶光电
002281.SZ,光迅科技
002299.SZ,圣农发展
002312.SZ,川发龙蟒
002318.SZ,久立特材
002335.SZ,科华数据
002340.SZ,格林美
002402.SZ,和而泰
002407.SZ,多氟多
002409.SZ,雅克科技
002410.SZ,广联达
002414.SZ,高德红外
002423.SZ,中粮资本
002429.SZ,兆驰股份
002430.SZ,杭氧股份
002432.SZ,九安医疗
002436.SZ,兴森科技
002444.SZ,巨星科技
002461.SZ,珠江啤酒
002465.SZ,海格通信
002472.SZ,双环传动
002487.SZ,大金重工
002500.SZ,山西证券
002508.SZ,老板电器
002517.SZ,恺英网络
002568.SZ,百润股份
002583.SZ,海能达
002601.SZ,龙佰集团
002603.SZ,以岭药业
002608.SZ,江苏国信
002624.SZ,完美世界
002670.SZ,国盛证券
002673.SZ,西部证券
002683.SZ,广东宏大
002738.SZ,中矿资源
002739.SZ,儒意电影
002756.SZ,永兴材料
002773.SZ,康弘药业
002797.SZ,第一创业
002812.SZ,恩捷股份
002821.SZ,凯莱英
002831.SZ,裕同科技
002841.SZ,视源股份
002850.SZ,科达利
002851.SZ,麦格米特
002926.SZ,华西证券
002939.SZ,长城证券
002945.SZ,华林证券
002966.SZ,苏州银行
002984.SZ,森麒麟
003021.SZ,兆威机电
003022.SZ,联泓新科
003031.SZ,中瓷电子
003035.SZ,南网能源
300001.SZ,特锐德
300002.SZ,神州泰岳
300003.SZ,乐普医疗
300012.SZ,华测检测
300017.SZ,网宿科技
300024.SZ,机器人
300037.SZ,新宙邦
300054.SZ,鼎龙股份
300058.SZ,蓝色光标
300073.SZ,当升科技
300100.SZ,双林股份
300115.SZ,长盈精密
300136.SZ,信维通信
300140.SZ,节能环境
300142.SZ,沃森生物
300144.SZ,宋城演艺
300146.SZ,汤臣倍健
300207.SZ,欣旺达
300223.SZ,君正股份
300285.SZ,国瓷材料
300339.SZ,润和软件
300346.SZ,南大光电
300373.SZ,扬杰科技
300383.SZ,光环新网
300390.SZ,天华新能
300395.SZ,菲利华
300432.SZ,富临精工
300454.SZ,深信服
300458.SZ,全志科技
300474.SZ,景嘉微
300475.SZ,香农芯创
300487.SZ,蓝晓科技
300496.SZ,中科创达
300548.SZ,长芯博创
300558.SZ,贝达药业
300567.SZ,精测电子
300570.SZ,太辰光
300604.SZ,长川科技
300620.SZ,光库科技
300623.SZ,捷捷微电
300627.SZ,华测导航
300666.SZ,江丰电子
300676.SZ,华大基因
300677.SZ,英科医疗
300679.SZ,电连技术
300699.SZ,光威复材
300718.SZ,长盛轴承
300724.SZ,捷佳伟创
300735.SZ,光弘科技
300748.SZ,金力永磁
300751.SZ,迈为股份
300757.SZ,罗博特科
300759.SZ,康龙化成
300763.SZ,锦浪科技
300857.SZ,协创数据
300888.SZ,稳健医疗
300919.SZ,中伟新材
300953.SZ,震裕科技
300957.SZ,贝泰妮
300972.SZ,万辰集团
301200.SZ,大族数控
301301.SZ,川宁生物
301358.SZ,湖南裕能
301377.SZ,鼎泰高科
301498.SZ,乖宝宠物
301526.SZ,国际复材
301536.SZ,星宸科技
301606.SZ,绿联科技
301611.SZ,珂玛科技
600004.SH,白云机场
600008.SH,首创环保
600021.SH,上海电力
600032.SH,浙江新能
600038.SH,中直股份
600060.SH,海信视像
600062.SH,华润双鹤
600095.SH,湘财股份
600098.SH,广州发展
600100.SH,同方股份
600105.SH,永鼎股份
600109.SH,国金证券
600126.SH,杭钢股份
600131.SH,国网信通
600132.SH,重庆啤酒
600141.SH,兴发集团
600143.SH,金发科技
600153.SH,建发股份
600157.SH,永泰能源
600161.SH,天坛生物
600166.SH,福田汽车
600170.SH,上海建工
600171.SH,上海贝岭
600177.SH,XD雅戈尔
600208.SH,衢州发展
600256.SH,广汇能源
600282.SH,南钢股份
600292.SH,电投水电
600295.SH,鄂尔多斯
600298.SH,安琪酵母
600299.SH,安迪苏
600312.SH,平高电气
600316.SH,洪都航空
600329.SH,达仁堂
600332.SH,白云山
600339.SH,中油工程
600348.SH,华阳股份
600350.SH,山东高速
600352.SH,浙江龙盛
600363.SH,联创光电
600369.SH,西南证券
600377.SH,宁沪高速
600378.SH,昊华科技
600380.SH,健康元
600390.SH,五矿资本
600392.SH,盛和资源
600398.SH,海澜之家
600435.SH,北方导航
600483.SH,福能股份
600486.SH,扬农化工
600497.SH,驰宏锌锗
600498.SH,烽火通信
600499.SH,科达制造
600511.SH,国药股份
600516.SH,方大炭素
600517.SH,国网英大
600521.SH,华海药业
600535.SH,天士力
600536.SH,中国软件
600546.SH,山煤国际
600562.SH,国睿科技
600563.SH,法拉电子
600566.SH,济川药业
600578.SH,京能电力
600582.SH,天地科技
600583.SH,海油工程
600595.SH,中孚实业
600598.SH,北大荒
600601.SH,方正科技
600602.SH,云赛智联
600606.SH,绿地控股
600637.SH,东方明珠
600642.SH,申能股份
600655.SH,豫园股份
600663.SH,陆家嘴
600685.SH,中船防务
600688.SH,上海石化
600699.SH,均胜电子
600704.SH,物产中大
600707.SH,彩虹股份
600711.SH,盛屯矿业
600737.SH,中粮糖业
600754.SH,锦江酒店
600763.SH,通策医疗
600764.SH,中国海防
600765.SH,中航重机
600801.SH,华新建材
600808.SH,马钢股份
600816.SH,建元信托
600820.SH,XD隧道股
600848.SH,上海临港
600862.SH,中航高科
600863.SH,华能蒙电
600871.SH,石化油服
600873.SH,梅花生物
600879.SH,航天电子
600884.SH,杉杉股份
600885.SH,宏发股份
600901.SH,江苏金租
600906.SH,财达证券
600909.SH,华安证券
600927.SH,永安期货
600967.SH,内蒙一机
600968.SH,海油发展
600970.SH,中材国际
600977.SH,中国电影
600985.SH,淮北矿业
600988.SH,赤峰黄金
600995.SH,南网储能
600998.SH,九州通
601000.SH,唐山港
601001.SH,晋控煤业
601016.SH,节能风电
601019.SH,山东出版
601098.SH,中南传媒
601099.SH,太平洋
601106.SH,中国一重
601108.SH,财通证券
601112.SH,振石股份
601118.SH,海南橡胶
601128.SH,常熟银行
601139.SH,深圳燃气
601155.SH,新城控股
601156.SH,东航物流
601162.SH,天风证券
601179.SH,中国西电
601198.SH,东兴证券
601212.SH,白银有色
601216.SH,君正集团
601228.SH,广州港
601233.SH,桐昆股份
601236.SH,红塔证券
601298.SH,青岛港
601399.SH,国机重装
601555.SH,东吴证券
601567.SH,三星电气
601577.SH,长沙银行
601598.SH,中国外运
601608.SH,中信重工
601611.SH,中国核建
601615.SH,明阳智能
601665.SH,齐鲁银行
601666.SH,平煤股份
601696.SH,中银证券
601699.SH,潞安环能
601717.SH,中创智领
601799.SH,星宇股份
601808.SH,中海油服
601865.SH,福莱特
601866.SH,中远海发
601869.SH,长飞光纤
601880.SH,辽港股份
601928.SH,凤凰传媒
601958.SH,金钼股份
601966.SH,玲珑轮胎
601990.SH,南京证券
601991.SH,大唐发电
601997.SH,贵阳银行
603000.SH,人民网
603049.SH,中策橡胶
603077.SH,和邦生物
603087.SH,甘李药业
603092.SH,德力佳
603119.SH,浙江荣泰
603129.SH,春风动力
603156.SH,养元饮品
603160.SH,汇顶科技
603175.SH,超颖电子
603179.SH,新泉股份
603225.SH,新凤鸣
603233.SH,大参林
603256.SH,宏和科技
603290.SH,斯达半导
603298.SH,杭叉集团
603308.SH,应流股份
603338.SH,浙江鼎力
603341.SH,龙旗科技
603345.SH,安井食品
603379.SH,三美股份
603444.SH,吉比特
603486.SH,科沃斯
603529.SH,爱玛科技
603565.SH,中谷物流
603568.SH,伟明环保
603589.SH,口子窖
603596.SH,伯特利
603605.SH,珀莱雅
603606.SH,东方电缆
603650.SH,彤程新材
603658.SH,安图生物
603659.SH,璞泰来
603688.SH,石英股份
603699.SH,纽威股份
603728.SH,鸣志电器
603737.SH,三棵树
603766.SH,隆鑫通用
603786.SH,科博达
603806.SH,福斯特
603816.SH,顾家家居
603833.SH,欧派家居
603858.SH,步长制药
603885.SH,吉祥航空
603899.SH,晨光股份
603920.SH,世运电路
603939.SH,益丰药房
603979.SH,金诚信
605358.SH,立昂微
605589.SH,圣泉集团
688002.SH,XD睿创微
688017.SH,绿的谐波
688018.SH,乐鑫科技
688019.SH,安集科技
688027.SH,国盾量子
688037.SH,芯源微
688052.SH,纳芯微
688065.SH,凯赛生物
688099.SH,晶晨股份
688114.SH,华大智造
688120.SH,华海清科
688122.SH,西部超导
688166.SH,博瑞医药
688169.SH,石头科技
688172.SH,燕东微
688180.SH,君实生物-U
688187.SH,时代电气
688188.SH,柏楚电子
688192.SH,迪哲医药-U
688200.SH,华峰测控
688213.SH,思特威-W
688220.SH,翱捷科技-U
688234.SH,天岳先进
688235.SH,百济神州
688248.SH,南网科技
688266.SH,泽璟制药-U
688278.SH,特宝生物
688281.SH,华秦科技
688295.SH,中复神鹰
688297.SH,中无人机
688301.SH,奕瑞科技
688313.SH,仕佳光子
688318.SH,财富趋势
688322.SH,奥比中光-W
688331.SH,荣昌生物
688336.SH,三生国健
688343.SH,云天励飞-U
688347.SH,华虹宏力
688349.SH,三一重能
688361.SH,中科飞测
688363.SH,华熙生物
688375.SH,国博电子
688385.SH,复旦微电
688387.SH,信科移动-U
688411.SH,海博思创
688425.SH,铁建重工
688469.SH,芯联集成-U
688475.SH,萤石网络
688498.SH,源杰科技
688520.SH,神州细胞
688538.SH,和辉光电-U
688561.SH,奇安信-U
688563.SH,航材股份
688568.SH,中科星图
688578.SH,艾力斯
688582.SH,芯动联科
688599.SH,天合光能
688608.SH,恒玄科技
688615.SH,合合信息
688617.SH,惠泰医疗
688629.SH,华丰科技
688676.SH,金盘科技
688692.SH,达梦数据
688702.SH,盛科通信-U
688708.SH,佳驰科技
688709.SH,成都华微
688728.SH,格科微
688772.SH,珠海冠宇
688777.SH,中控技术
688778.SH,厦钨新能
688819.SH,天能股份
689009.SH,九号公司-WD
