158000.SZ,港股通金融ETF鹏华
158001.SZ,价值ETF嘉实
158003.SZ,港股通医疗ETF嘉实
158005.SZ,工程机械ETF博时
158006.SZ,化工ETF博时
158008.SZ,新能源电池ETF华夏
158009.SZ,航空航天ETF南方
158010.SZ,医疗ETF嘉实
158011.SZ,创业板软件ETF国泰
158012.SZ,云计算ETF南方
158013.SZ,航空航天ETF易方达
158017.SZ,化工ETF易方达
158019.SZ,电池ETF永赢
158022.SZ,创业板综增强ETF国联
158023.SZ,红利低波ETF万家
158027.SZ,工业互联网ETF易方达
158028.SZ,稀有金属ETF招商
158030.SZ,航空航天ETF汇添富
158032.SZ,化工ETF景顺
158036.SZ,卫星ETF华夏
158037.SZ,机器人ETF博时
158038.SZ,粮食ETF富国
158040.SZ,科创创业人工智能ETF国联安
158041.SZ,创业板算力ETF华夏
158043.SZ,价值ETF南方
158046.SZ,卫星ETF南方
158047.SZ,粮食ETF永赢
158050.SZ,创业板算力ETF易方达
158051.SZ,金融科技ETF国联安
158052.SZ,创业板金融科技ETF景顺
158055.SZ,创业板算力ETF国泰
158058.SZ,创业板金融科技ETF华泰柏瑞
158061.SZ,创业板算力ETF天弘
158062.SZ,创业板金融科技ETF建信
158066.SZ,大数据ETF前海开源
158067.SZ,创业板金融科技ETF万家
158072.SZ,创业板软件ETF南方
159001.SZ,货币ETF易方达
159003.SZ,招商快线ETF
159005.SZ,快钱ETF汇添富
159007.SZ,养殖ETF华泰柏瑞
159008.SZ,证券ETF景顺
159009.SZ,创业板新能源ETF易方达
159010.SZ,港股通科技ETF博时
159011.SZ,养殖ETF华安
159012.SZ,科创创业50ETF鹏华
159013.SZ,工业互联网ETF大成
159015.SZ,恒生港股通科技ETF国联
159016.SZ,证券ETF广发
159017.SZ,石油ETF工银
159018.SZ,石油ETF广发
159019.SZ,石油ETF华宝
159020.SZ,养殖ETF易方达
159021.SZ,大盘价值ETF华夏
159022.SZ,科创创业人工智能ETF富国
159023.SZ,养殖ETF万家
159025.SZ,家电ETF华安
159026.SZ,石油ETF南方
159027.SZ,畜牧养殖ETF大成
159028.SZ,港股汽车ETF天弘
159029.SZ,有色ETF广发
159030.SZ,粮食ETF华夏
159031.SZ,粮食ETF博时
159032.SZ,工业有色ETF易方达
159033.SZ,粮食ETF国泰
159035.SZ,软件ETF天弘
159036.SZ,软件开发ETF华宝
159037.SZ,价值ETF鹏华
159038.SZ,粮食ETF易方达
159039.SZ,机器人ETF华安
159040.SZ,港股通互联网ETF鹏华
159041.SZ,农业ETF鹏华
159042.SZ,价值ETF汇添富
159043.SZ,食品ETF华安
159045.SZ,稀有金属ETF大成
159046.SZ,绿电ETF天弘
159047.SZ,港股信息技术ETF银华
159048.SZ,机器人ETF大成
159049.SZ,有色ETF工银
159050.SZ,机器人ETF广发
159051.SZ,医疗器械ETF易方达
159052.SZ,新能源电池ETF嘉实
159053.SZ,稀有金属ETF华夏
159055.SZ,稀有金属ETF富国
159056.SZ,医疗器械ETF富国
159057.SZ,医疗器械ETF鹏华
159058.SZ,证券ETF大成
159059.SZ,电力ETF大成
159060.SZ,粮食ETF浦银
159061.SZ,绿色电力ETF南方
159062.SZ,稀有金属ETF南方
159063.SZ,粮食ETF南方
159065.SZ,工程机械ETF景顺
159066.SZ,A股ETF建信
159067.SZ,绿色电力ETF鹏华
159068.SZ,软件ETF华夏
159069.SZ,创业板新能源ETF华泰柏瑞
159070.SZ,工程机械ETF嘉实
159071.SZ,新能源电池ETF华宝
159072.SZ,粮食ETF景顺
159073.SZ,粮食ETF汇添富
159075.SZ,工业互联网ETF华夏
159076.SZ,创业板新能源ETF华宝
159077.SZ,电池ETF鑫元
159078.SZ,A股ETF富国
159079.SZ,价值ETF兴全
159082.SZ,化工ETF华夏
159083.SZ,红利低波100ETF嘉实
159085.SZ,价值ETF永赢
159086.SZ,金融科技ETF广发
159087.SZ,化工ETF万家
159089.SZ,港股通互联网ETF国联
159091.SZ,港股通金融ETF易方达
159093.SZ,化工ETF汇添富
159095.SZ,云计算ETF银华
159096.SZ,价值ETF华夏
159098.SZ,价值ETF招商
159099.SZ,云计算ETF华宝
159100.SZ,巴西ETF华夏
159101.SZ,港股通科技ETF华夏
159102.SZ,港股通生物科技ETF华安
159103.SZ,金融科技ETF汇添富
159105.SZ,恒生生物科技ETF易方达
159106.SZ,民企300ETF前海开源
159107.SZ,创业板软件ETF富国
159108.SZ,工业软件ETF博时
159109.SZ,恒生50ETF景顺
159110.SZ,科创债ETF万家
159111.SZ,科创债ETF天弘
159112.SZ,科创债ETF银华
159113.SZ,科创债ETF大成
159115.SZ,科创债ETF华安
159116.SZ,科创债ETF工银
159117.SZ,港股通红利低波ETF鹏华
159118.SZ,港股通红利低波ETF华夏
159119.SZ,800现金流ETF招商
159120.SZ,港股通科技ETF国联安
159121.SZ,港股通汽车ETF易方达
159122.SZ,创业板新能源ETF富国
159123.SZ,光伏ETF嘉实
159125.SZ,港股通科技ETF招商
159126.SZ,港股通50ETF南方
159127.SZ,港股通红利ETF南方
159128.SZ,港股科技ETF天弘
159129.SZ,化工ETF嘉实
159130.SZ,恒生生物科技ETF鹏华
159131.SZ,港股通信息技术ETF华宝
159132.SZ,恒生生物科技ETF富国
159133.SZ,化工ETF天弘
159135.SZ,港股通科技ETF前海开源
159136.SZ,A50ETF广发
159137.SZ,港股通医疗ETF华宝
159138.SZ,工程机械ETF易方达
159139.SZ,科创创业人工智能ETF华泰柏瑞
159140.SZ,科创创业人工智能ETF易方达
159141.SZ,科创创业人工智能ETF永赢
159142.SZ,科创创业人工智能ETF景顺
159143.SZ,港股通央企红利ETF平安
159145.SZ,工业软件ETF广发
159146.SZ,电力ETF华宝
159147.SZ,电池ETF南方
159148.SZ,石油ETF富国
159149.SZ,创业板新能源ETF工银
159150.SZ,深证50ETF易方达
159151.SZ,食品ETF华夏
159152.SZ,港股通科技ETF平安
159153.SZ,消费电子ETF鹏华
159155.SZ,电池ETF大成
159156.SZ,电池ETF万家
159157.SZ,有色金属ETF天弘
159158.SZ,电力ETF景顺
159159.SZ,公用事业ETF国投瑞银
159160.SZ,电池ETF东财
159161.SZ,工程机械ETF东财
159162.SZ,工业有色ETF鹏华
159163.SZ,有色ETF泰康
159165.SZ,养殖ETF永赢
159166.SZ,现金流ETF长城
159167.SZ,港股通医疗ETF工银
159168.SZ,有色ETF富国
159169.SZ,恒生生物科技ETF广发
159170.SZ,港股通互联网ETF永赢
159171.SZ,工业有色ETF博时
159172.SZ,养殖ETF汇添富
159173.SZ,农牧ETF南方
159175.SZ,电池ETF易方达
159176.SZ,家电ETF华宝
159177.SZ,工程机械ETF鹏华
159178.SZ,消费电子ETF汇添富
159179.SZ,港股通互联网ETF工银
159180.SZ,软件ETF银华
159181.SZ,石油ETF易方达
159182.SZ,家电ETF南方
159183.SZ,新能源车ETF招商
159185.SZ,港股通信息技术ETF鹏华
159186.SZ,港股通汽车ETF鹏华
159187.SZ,创业板新能源ETF景顺
159188.SZ,红利100ETF景顺
159189.SZ,石油ETF华夏
159190.SZ,创业板新能源ETF天弘
159191.SZ,港股通科技ETF易方达
159192.SZ,家电ETF汇添富
159193.SZ,新能源电池ETF银华
159195.SZ,石油ETF华安
159196.SZ,港股通信息技术ETF易方达
159197.SZ,石油ETF招商
159198.SZ,港股通信息技术ETF富国
159199.SZ,石油ETF平安
159200.SZ,科创债ETF富国
159201.SZ,自由现金流ETF华夏
159202.SZ,恒生互联网ETF万家
159203.SZ,大盘成长ETF博时
159205.SZ,创业板ETF东财
159206.SZ,卫星ETF永赢
159207.SZ,高股息ETF广发
159208.SZ,航空航天ETF万家
159209.SZ,红利质量ETF招商
159210.SZ,港股通汽车ETF汇添富
159211.SZ,深证100ETF富国
159212.SZ,深100ETF南方
159213.SZ,机器人ETF汇添富
159215.SZ,A500ETF平安
159216.SZ,深证100ETF大成
159217.SZ,港股通创新药ETF工银
159218.SZ,卫星ETF招商
159219.SZ,深证100ETF融通
159220.SZ,港股通红利低波ETF华宝
159221.SZ,现金流ETF嘉实
159222.SZ,自由现金流ETF易方达
159223.SZ,现金流ETF永赢
159225.SZ,现金流ETF银华
159226.SZ,中证A500增强ETF国泰
159227.SZ,航空航天ETF华夏
159228.SZ,红利低波ETF长城
159229.SZ,自由现金流ETF广发
159230.SZ,通用航空ETF华夏
159231.SZ,通用航空ETF华宝
159232.SZ,自由现金流ETF南方
159233.SZ,自由现金流ETF平安
159235.SZ,中证现金流ETF大成
159236.SZ,自由现金流ETF工银
159237.SZ,港股汽车ETF工银
159238.SZ,沪深300增强ETF景顺
159239.SZ,港股通汽车ETF富国
159240.SZ,A500增强ETF天弘
159241.SZ,航空航天ETF天弘
159242.SZ,创业板人工智能ETF大成
159243.SZ,创业板人工智能ETF招商
159245.SZ,港股通消费ETF富国
159246.SZ,创业板人工智能ETF富国
159247.SZ,创业板ETF汇添富
159248.SZ,人工智能ETF万家
159249.SZ,A500增强ETF工银
159251.SZ,港股通科技ETF万家
159253.SZ,银行ETF博时
159255.SZ,通用航空ETF易方达
159256.SZ,创业板软件ETF华夏
159257.SZ,航空ETF汇添富
159258.SZ,机器人ETF南方
159259.SZ,成长ETF易方达
159260.SZ,证券ETF博时
159261.SZ,创业板新能源ETF鹏华
159262.SZ,港股通科技ETF广发
159263.SZ,价值ETF易方达
159265.SZ,港股消费ETF鹏华
159266.SZ,港股央企红利ETF永赢
159267.SZ,航天ETF华安
159268.SZ,港股通消费ETF汇添富
159269.SZ,港股通科技ETF南方
159270.SZ,创业板200ETF南方
159271.SZ,恒生ETF鹏华
159272.SZ,机器人ETF富国
159273.SZ,云计算ETF汇添富
159275.SZ,农牧渔ETF华宝
159276.SZ,现金流ETF汇添富
159277.SZ,港股通红利ETF富国
159278.SZ,机器人ETF鹏华
159279.SZ,创业板人工智能ETF华安
159280.SZ,港股通互联网ETF汇添富
159281.SZ,港股央企红利ETF天弘
159283.SZ,通用航空ETF南方
159285.SZ,港股通消费ETF华安
159286.SZ,港股通创新药ETF鹏华
159287.SZ,创业板综ETF博时
159288.SZ,创业板综ETF银华
159289.SZ,创业板综指ETF鹏华
159290.SZ,创业板综指增强ETF东财
159291.SZ,创业板综增强ETF招商
159292.SZ,创业板综增强ETF华宝
159293.SZ,创业板综增强ETF建信
159295.SZ,创业综指ETF西部利得
159296.SZ,A500红利低波ETF华宝
159297.SZ,港股通创新药ETF南方
159298.SZ,创业板50ETF大成
159299.SZ,金融科技ETF易方达
159300.SZ,沪深300ETF富国
159301.SZ,公用事业ETF华夏
159302.SZ,港股高股息ETF银华
159303.SZ,恒生医疗ETF大成
159305.SZ,储能电池ETF广发
159306.SZ,汽车零部件ETF平安
159307.SZ,红利低波100ETF博时
159309.SZ,油气ETF汇添富
159310.SZ,芯片ETF天弘
159311.SZ,数字经济ETF易方达
159312.SZ,恒指港股通ETF广发
159315.SZ,黄金股ETF工银
159316.SZ,港股通创新药ETF易方达
159318.SZ,恒指港股通ETF银华
159320.SZ,电网设备ETF广发
159321.SZ,黄金股ETF华安
159322.SZ,黄金股ETF平安
159323.SZ,港股通汽车ETF华夏
159325.SZ,半导体ETF南方
159326.SZ,电网设备ETF华夏
159327.SZ,半导体设备ETF万家
159328.SZ,家电ETF易方达
159329.SZ,沙特ETF南方
159330.SZ,沪深300ETF东财
159331.SZ,红利港股ETF国泰
159332.SZ,央企红利ETF富国
159333.SZ,港股央企红利ETF万家
159335.SZ,央企科创ETF融通
159336.SZ,央企红利ETF融通
159337.SZ,中证500ETF东财
159338.SZ,中证A500ETF国泰
159339.SZ,A500ETF银华
159350.SZ,深证50ETF富国
159351.SZ,A500ETF嘉实
159352.SZ,A500ETF南方
159353.SZ,中证A500ETF景顺
159355.SZ,800红利低波ETF华宝
159356.SZ,A500ETF万家
159357.SZ,A500ETF博时
159358.SZ,中证A500ETF大成
159359.SZ,A500ETF华安
159360.SZ,A500ETF天弘
159361.SZ,A500ETF易方达
159362.SZ,A500ETF工银
159363.SZ,创业板人工智能ETF华宝
159365.SZ,恒指港股通ETF富国
159366.SZ,港股医疗ETF永赢
159367.SZ,创业板50ETF华夏
159368.SZ,创业板新能源ETF华夏
159369.SZ,创业板50ETF易方达
159370.SZ,创50ETF工银
159371.SZ,创业板50ETF富国
159372.SZ,创业板50ETF万家
159373.SZ,创业板50ETF嘉实
159375.SZ,创业板50ETF国泰
159376.SZ,A500ETF浦银
159377.SZ,创业板医药ETF国泰
159378.SZ,通用航空ETF永赢
159379.SZ,A500ETF融通
159380.SZ,A500ETF东财
159381.SZ,创业板人工智能ETF华夏
159382.SZ,创业板人工智能ETF南方
159383.SZ,创业板50ETF华泰柏瑞
159385.SZ,数字经济ETF富国
159386.SZ,A500ETF永赢
159387.SZ,创业板新能源ETF国泰
159388.SZ,创业板人工智能ETF国泰
159389.SZ,数字经济ETF嘉实
159390.SZ,中证A50ETF国联
159391.SZ,大盘价值ETF博时
159392.SZ,航空ETF富国
159393.SZ,沪深300ETF万家
159395.SZ,信用债ETF大成
159396.SZ,信用债ETF博时
159397.SZ,信用债ETF广发
159398.SZ,信用债ETF天弘
159399.SZ,现金流ETF国泰
159400.SZ,科创债ETF景顺
159500.SZ,中证500ETF富国
159501.SZ,纳指ETF嘉实
159502.SZ,标普生物科技ETF嘉实
159505.SZ,国证2000ETF博时
159506.SZ,港股通创新药医疗ETF富国
159507.SZ,通信ETF广发
159508.SZ,生物医药ETF华安
159509.SZ,纳指科技ETF景顺
159510.SZ,沪深300价值ETF华夏
159511.SZ,通信ETF南方
159512.SZ,汽车ETF广发
159513.SZ,纳斯达克100ETF大成
159515.SZ,国企红利ETF鹏扬
159516.SZ,半导体设备ETF国泰
159517.SZ,中证800增强ETF银华
159518.SZ,标普油气ETF嘉实
159519.SZ,港股国企ETF国泰
159520.SZ,消费龙头ETF工银
159521.SZ,国证2000ETF平安
159523.SZ,沪深300成长ETF华夏
159525.SZ,红利低波ETF富国
159526.SZ,机器人ETF嘉实
159527.SZ,云计算ETF广发
159528.SZ,国企改革ETF富国
159529.SZ,标普消费ETF景顺
159530.SZ,机器人ETF易方达
159531.SZ,中证2000ETF南方
159532.SZ,中证2000ETF易方达
159533.SZ,中证2000ETF博时
159535.SZ,中证2000ETF嘉实
159536.SZ,中证2000ETF汇添富
159537.SZ,信创ETF国泰
159538.SZ,信创ETF富国
159539.SZ,信创ETF广发
159540.SZ,信创ETF易方达
159541.SZ,创业板综ETF万家
159542.SZ,工程机械ETF大成
159543.SZ,国证2000ETF工银
159545.SZ,港股通红利低波ETF易方达
159546.SZ,集成电路ETF国泰
159547.SZ,红利低波ETF华夏
159549.SZ,红利低波ETF天弘
159550.SZ,互联网ETF东财
159551.SZ,机器人ETF国泰
159552.SZ,中证2000增强ETF招商
159553.SZ,中证2000增强ETF海富通
159555.SZ,中证2000增强ETF银华
159556.SZ,中证2000增强ETF平安
159557.SZ,恒生医疗ETF嘉实
159558.SZ,半导体设备ETF易方达
159559.SZ,机器人ETF景顺
159560.SZ,芯片ETF景顺
159561.SZ,德国ETF嘉实
159562.SZ,黄金股ETF华夏
159563.SZ,创业板综ETF华夏
159565.SZ,汽车零部件ETF易方达
159566.SZ,储能电池ETF易方达
159567.SZ,港股创新药ETF银华
159568.SZ,港股互联网ETF博时
159569.SZ,港股红利低波ETF景顺
159570.SZ,港股通创新药ETF汇添富
159571.SZ,创业板200ETF富国
159572.SZ,创业板200ETF易方达
159573.SZ,创业板200ETF华夏
159575.SZ,创业板200ETF银华
159576.SZ,深证100ETF广发
159577.SZ,美国50ETF汇添富
159578.SZ,深证主板50ETF南方
159581.SZ,红利ETF万家
159582.SZ,半导体ETF博时
159583.SZ,通信ETF富国
159586.SZ,计算机ETF南方
159587.SZ,粮食ETF广发
159588.SZ,石油ETF景顺
159589.SZ,红利ETF广发
159590.SZ,软件ETF汇添富
159591.SZ,A50ETF富国
159592.SZ,A50ETF银华
159593.SZ,中证A50ETF平安
159595.SZ,中证A50ETF大成
159596.SZ,A50ETF华宝
159597.SZ,创业板成长ETF易方达
159599.SZ,芯片ETF东财
159600.SZ,科创债ETF嘉实
159601.SZ,A50ETF华夏
159602.SZ,中国A50ETF南方
159603.SZ,科创创业ETF天弘
159605.SZ,中概互联ETF广发
159606.SZ,中证500成长ETF易方达
159607.SZ,中概互联网ETF嘉实
159608.SZ,稀有金属ETF广发
159609.SZ,光伏ETF浦银
159610.SZ,中证500增强ETF景顺
159611.SZ,电力ETF广发
159612.SZ,标普500ETF国泰
159613.SZ,信息安全ETF嘉实
159615.SZ,恒生生物科技ETF南方
159616.SZ,农牧ETF建信
159617.SZ,中证500价值ETF华夏
159618.SZ,光伏ETF华安
159619.SZ,基建ETF国泰
159620.SZ,中证500成长ETF华夏
159621.SZ,ESGETF国泰
159622.SZ,创新药ETF东财
159623.SZ,成渝经济圈ETF博时
159625.SZ,绿色电力ETF嘉实
159627.SZ,A100ETF华夏
159628.SZ,国证2000ETF万家
159629.SZ,中证1000ETF富国
159630.SZ,A100ETF汇添富
159631.SZ,A100ETF招商
159632.SZ,纳斯达克ETF华安
159633.SZ,中证1000ETF易方达
159635.SZ,基建ETF华夏
159636.SZ,港股通科技30ETF工银
159637.SZ,新能源车ETF东财
159638.SZ,航空航天ETF嘉实
159639.SZ,碳中和ETF南方
159640.SZ,碳中和龙头ETF工银
159641.SZ,碳中和ETF招商
159642.SZ,碳中和ETF大成
159643.SZ,疫苗ETF国泰
159645.SZ,疫苗ETF富国
159647.SZ,中药ETF鹏华
159649.SZ,国开债ETF华安
159650.SZ,国开债ETF博时
159651.SZ,国开债ETF平安
159652.SZ,有色ETF汇添富
159653.SZ,ESG300ETF国联安
159655.SZ,标普500ETF华夏
159656.SZ,沪深300成长ETF万家
159657.SZ,疫苗ETF鹏华
159658.SZ,数字经济ETF华安
159659.SZ,纳斯达克100ETF招商
159660.SZ,纳指ETF汇添富
159661.SZ,A100ETF嘉实
159662.SZ,交运ETF南方
159663.SZ,机床ETF华夏
159665.SZ,半导体龙头ETF工银
159666.SZ,交通运输ETF华夏
159667.SZ,工业母机ETF国泰
159669.SZ,绿色电力ETF国泰
159670.SZ,消费50ETF国联安
159671.SZ,稀有金属ETF工银
159672.SZ,消费ETF博时
159673.SZ,沪深300ETF鹏华
159675.SZ,创业板增强ETF嘉实
159676.SZ,创业板增强ETF富国
159677.SZ,中证1000增强ETF银华
159678.SZ,500增强ETF博时
159679.SZ,中证1000增强ETF国泰
159680.SZ,中证1000增强ETF招商
159681.SZ,创业板50ETF鹏华
159682.SZ,创业板50ETF景顺
159685.SZ,1000增强ETF天弘
159686.SZ,A100ETF易方达
159687.SZ,亚太精选ETF南方
159688.SZ,恒生互联网ETF华安
159689.SZ,消费ETF南方
159690.SZ,有色矿业ETF招商
159691.SZ,港股红利ETF工银
159692.SZ,证券ETF东财
159695.SZ,通信ETF嘉实
159696.SZ,纳指ETF易方达
159697.SZ,石油ETF鹏华
159698.SZ,粮食ETF鹏华
159699.SZ,恒生消费ETF广发
159700.SZ,科创债ETF南方
159701.SZ,物联网ETF招商
159703.SZ,新材料ETF天弘
159706.SZ,深证100ETF华安
159707.SZ,地产ETF华宝
159708.SZ,红利ETF西部利得
159709.SZ,物联网ETF工银
159711.SZ,港股通50ETF华夏
159712.SZ,港股通50ETF国泰
159713.SZ,稀土ETF富国
159715.SZ,稀土ETF易方达
159716.SZ,深证100ETF华宝
159717.SZ,ESGETF鹏华
159718.SZ,港股医药ETF平安
159719.SZ,国企ETF平安
159720.SZ,智能车ETF泰康
159721.SZ,深证100ETF永赢
159723.SZ,科技龙头ETF汇添富
159725.SZ,线上消费ETF工银
159726.SZ,港股通红利ETF华夏
159728.SZ,在线消费ETF南方
159729.SZ,互联网ETF汇添富
159730.SZ,家电ETF博时
159731.SZ,石化ETF华夏
159732.SZ,消费电子ETF华夏
159735.SZ,港股消费ETF银华
159736.SZ,食品饮料ETF天弘
159738.SZ,云计算ETF华泰柏瑞
159739.SZ,云计算ETF鹏华
159740.SZ,恒生科技ETF大成
159741.SZ,恒生科技ETF嘉实
159742.SZ,恒生科技ETF博时
159743.SZ,湖北ETF博时
159745.SZ,建材ETF国泰
159747.SZ,香港科技ETF南方
159748.SZ,创新药ETF富国
159750.SZ,港股科技50ETF招商
159751.SZ,港股通科技ETF鹏华
159752.SZ,新能源ETF申万菱信
159755.SZ,电池ETF广发
159757.SZ,电池ETF景顺
159758.SZ,红利质量ETF华夏
159760.SZ,医疗健康ETF泰康
159761.SZ,新材料ETF国泰
159763.SZ,新材料ETF建信
159766.SZ,旅游ETF富国
159767.SZ,电池龙头ETF兴银
159768.SZ,房地产ETF银华
159770.SZ,机器人ETF天弘
159773.SZ,创业板科技ETF华泰柏瑞
159775.SZ,电池ETF建信
159776.SZ,港股医药ETF银华
159777.SZ,创科技ETF国联安
159778.SZ,工业互联网ETF鹏华
159779.SZ,消费电子ETF招商
159780.SZ,科创创业50ETF南方
159781.SZ,科创创业ETF易方达
159782.SZ,双创50ETF银华
159783.SZ,科创创业50ETF华夏
159786.SZ,VRETF银华
159787.SZ,建材ETF易方达
159788.SZ,港股通100ETF易方达
159790.SZ,碳中和ETF华夏
159791.SZ,300ESGETF华夏
159792.SZ,港股通互联网ETF富国
159793.SZ,线上消费ETF平安
159795.SZ,智能汽车ETF汇添富
159796.SZ,电池ETF汇添富
159797.SZ,医疗器械ETF汇添富
159798.SZ,消费ETF易方达
159800.SZ,中证800ETF鹏华
159801.SZ,芯片ETF广发
159804.SZ,创中盘88ETF国寿
159805.SZ,传媒ETF鹏华
159806.SZ,新能源车ETF国泰
159807.SZ,科技ETF易方达
159808.SZ,创100ETF融通
159810.SZ,创业板ETF浦银
159811.SZ,5GETF博时
159812.SZ,黄金ETF前海开源
159813.SZ,半导体ETF鹏华
159814.SZ,创业大盘ETF西部利得
159816.SZ,0-4年地方债ETF鹏华
159819.SZ,人工智能ETF易方达
159820.SZ,中证500ETF天弘
159821.SZ,创业板ETF中银证券
159822.SZ,新经济ETF银华
159824.SZ,新能源车ETF博时
159825.SZ,农业ETF富国
159827.SZ,农业ETF银华
159828.SZ,医疗ETF国泰
159830.SZ,金ETF天弘
159831.SZ,金ETF嘉实
159834.SZ,金ETF南方
159835.SZ,创新药ETF建信
159836.SZ,创业板300ETF天弘
159837.SZ,生物科技ETF易方达
159838.SZ,医药50ETF博时
159839.SZ,生物医药ETF汇添富
159840.SZ,锂电池ETF工银
159841.SZ,证券ETF天弘
159842.SZ,券商ETF银华
159843.SZ,食品饮料ETF招商
159845.SZ,中证1000ETF华夏
159847.SZ,医疗ETF易方达
159848.SZ,证券ETF国联安
159849.SZ,生物科技ETF招商
159850.SZ,恒生国企ETF华夏
159851.SZ,金融科技ETF华宝
159852.SZ,软件ETF嘉实
159855.SZ,影视ETF银华
159856.SZ,互联网龙头ETF工银
159857.SZ,光伏ETF天弘
159858.SZ,创新药ETF南方
159859.SZ,生物医药ETF天弘
159861.SZ,碳中和50ETF国泰
159862.SZ,食品饮料ETF银华
159863.SZ,光伏ETF鹏华
159864.SZ,光伏ETF国泰
159865.SZ,养殖ETF国泰
159866.SZ,日经ETF工银
159867.SZ,养殖ETF鹏华
159869.SZ,游戏ETF华夏
159870.SZ,化工ETF鹏华
159871.SZ,有色ETF银华
159872.SZ,智能网联汽车ETF鹏华
159873.SZ,医疗设备ETF天弘
159875.SZ,新能源ETF嘉实
159876.SZ,有色ETF华宝
159877.SZ,医疗ETF南方
159880.SZ,有色ETF鹏华
159881.SZ,有色金属ETF国泰
159883.SZ,医疗器械ETF永赢
159885.SZ,碳中和ETF鹏华
159886.SZ,机械ETF富国
159887.SZ,银行ETF富国
159888.SZ,智能汽车ETF华夏
159889.SZ,智能汽车ETF国泰
159890.SZ,云计算ETF招商
159891.SZ,医疗ETF建信
159892.SZ,恒生医药ETF华夏
159895.SZ,物联网ETF易方达
159896.SZ,物联网ETF南方
159898.SZ,医疗器械ETF招商
159899.SZ,软件ETF招商
159901.SZ,深证100ETF易方达
159902.SZ,中小100ETF华夏
159903.SZ,深成ETF南方
159905.SZ,红利ETF工银
159906.SZ,深成长ETF大成
159907.SZ,国证2000ETF广发
159908.SZ,创业板ETF博时
159909.SZ,TMT50ETF招商
159910.SZ,基本面120ETF嘉实
159912.SZ,深300ETF汇添富
159913.SZ,深价值ETF交银
159915.SZ,创业板ETF易方达
159916.SZ,基本面ETF建信
159918.SZ,中创400ETF嘉实
159919.SZ,沪深300ETF嘉实
159920.SZ,恒生ETF华夏
159922.SZ,中证500ETF嘉实
159923.SZ,中证A100ETF大成
159925.SZ,沪深300ETF南方
159928.SZ,消费ETF汇添富
159929.SZ,医药ETF汇添富
159930.SZ,能源ETF汇添富
159931.SZ,金融地产ETF汇添富
159933.SZ,金融地产ETF国投瑞银
159934.SZ,黄金ETF易方达
159935.SZ,中证500ETF景顺
159936.SZ,可选消费ETF广发
159937.SZ,黄金ETF博时
159938.SZ,医药ETF广发
159939.SZ,信息技术ETF广发
159940.SZ,金融地产ETF广发
159941.SZ,纳指ETF广发
159943.SZ,深证成指ETF大成
159944.SZ,材料ETF广发
159945.SZ,能源ETF广发
159948.SZ,创业板ETF南方
159949.SZ,创业板50ETF华安
159952.SZ,创业板ETF广发
159954.SZ,恒生中国企业ETF南方
159956.SZ,创业板ETF建信
159957.SZ,创业板ETF华夏
159958.SZ,创业板ETF工银
159959.SZ,央企ETF银华
159960.SZ,恒生中国企业ETF平安
159961.SZ,深100ETF方正富邦
159964.SZ,创业板ETF平安
159965.SZ,央视50ETF国联
159966.SZ,创业板价值ETF华夏
159967.SZ,创业板成长ETF华夏
159968.SZ,中证500ETF博时
159970.SZ,深100ETF工银
159971.SZ,创业板ETF富国
159972.SZ,5年地方债ETF鹏华
159973.SZ,民企ETF弘毅远方
159974.SZ,央企创新ETF富国
159975.SZ,深100ETF招商
159976.SZ,湾创ETF工银
159977.SZ,创业板ETF天弘
159980.SZ,有色ETF大成
159981.SZ,能源化工ETF建信
159982.SZ,中证500ETF鹏华
159985.SZ,豆粕ETF华夏
159991.SZ,创业板大盘ETF招商
159992.SZ,创新药ETF银华
159993.SZ,证券ETF鹏华
159994.SZ,通信ETF银华
159995.SZ,芯片ETF华夏
159996.SZ,家电ETF国泰
159997.SZ,电子ETF天弘
159998.SZ,计算机ETF天弘
510010.SH,180治理ETF交银
510020.SH,超大盘ETF博时
510030.SH,价值ETF华宝
510040.SH,上证180ETF鹏华
510050.SH,上证50ETF华夏
510060.SH,央企ETF工银
510090.SH,责任ETF建信
510100.SH,上证50ETF易方达
510130.SH,上证中盘ETF易方达
510140.SH,上证综指ETF华夏
510150.SH,消费ETF招商
510160.SH,产业升级ETF南方
510170.SH,大宗商品ETF国联安
510180.SH,上证180ETF华安
510190.SH,上证50ETF华安
510200.SH,上证券商ETF汇安
510210.SH,上证指数ETF富国
510230.SH,金融ETF国泰
510270.SH,国企ETF中银
510290.SH,上证380ETF南方
510300.SH,沪深300ETF华泰柏瑞
510310.SH,沪深300ETF易方达
510320.SH,沪深300ETF中金
510330.SH,沪深300ETF华夏
510350.SH,沪深300ETF工银
510360.SH,沪深300ETF广发
510370.SH,沪深300ETF兴业
510380.SH,沪深300ETF国寿
510390.SH,沪深300ETF平安
510410.SH,资源ETF博时
510500.SH,中证500ETF南方
510510.SH,中证500ETF广发
510530.SH,中证500ETF工银
510550.SH,中证500ETF方正富邦
510560.SH,中证500ETF国寿
510570.SH,中证500ETF兴业
510580.SH,中证500ETF易方达
510590.SH,中证500ETF平安
510600.SH,上证50ETF申万菱信
510630.SH,消费ETF华夏
510650.SH,金融地产ETF华夏
510660.SH,医药ETF华夏
510670.SH,上证180ETF华夏
510680.SH,上证50ETF万家
510710.SH,上证50ETF博时
510720.SH,红利国企ETF国泰
510760.SH,上证指数ETF国泰
510770.SH,G60创新ETF申万菱信
510800.SH,上证50ETF建信
510810.SH,上海国企ETF汇添富
510850.SH,上证50ETF工银
510880.SH,红利ETF华泰柏瑞
510900.SH,恒生中国企业ETF易方达
510910.SH,上证指数ETF南方
510950.SH,上证50ETF广发
510980.SH,上证指数ETF汇添富
510990.SH,180ESGETF工银
511010.SH,XD国债ETF国泰
511020.SH,国债ETF平安
511030.SH,公司债ETF平安
511060.SH,5年地方债ETF海富通
511070.SH,公司债ETF南方
511090.SH,30年国债ETF鹏扬
511100.SH,国债ETF华夏
511110.SH,公司债ETF易方达
511120.SH,科创债ETF广发
511130.SH,30年国债ETF博时
511150.SH,科创债ETF永赢
511160.SH,国债ETF东财
511180.SH,可转债ETF海富通
511190.SH,信用债ETF海富通
511200.SH,信用债ETF华夏
511220.SH,城投债ETF海富通
511260.SH,XD十年国债ETF国泰
511270.SH,10年地方债ETF海富通
511360.SH,短融ETF海富通
511380.SH,可转债ETF博时
511520.SH,政金债ETF富国
511580.SH,国债政金债ETF招商
511600.SH,华安日日鑫ETF
511620.SH,货币ETF国泰
511650.SH,货币ETF华夏
511660.SH,货币ETF建信
511670.SH,华泰天天金ETF
511690.SH,交易货币ETF大成
511700.SH,货币ETF平安
511770.SH,金鹰增益货币ETF
511800.SH,易方达货币ETF
511810.SH,货币ETF南方
511820.SH,鹏华添利ETF
511830.SH,货币ETF华泰柏瑞
511850.SH,招商财富宝ETF
511860.SH,货币ETF博时
511880.SH,银华日利ETF
511900.SH,富国货币ETF
511910.SH,融通货币ETF
511920.SH,货币ETF广发
511930.SH,货币ETF国联
511950.SH,添利货币ETF广发
511960.SH,货币ETF嘉实
511970.SH,国寿货币ETF
511980.SH,货币ETF汇添富
511990.SH,华宝添益ETF
512000.SH,券商ETF华宝
512010.SH,医药ETF易方达
512020.SH,A500ETF鹏华
512030.SH,中证A50增强ETF易方达
512040.SH,价值ETF富国
512050.SH,A500ETF华夏
512060.SH,A100ETF天弘
512070.SH,证券保险ETF易方达
512080.SH,A500ETF中金
512090.SH,MSCIA股ETF易方达
512100.SH,中证1000ETF南方
512120.SH,医药ETF华安
512130.SH,全指现金流ETF鹏华
512140.SH,电力ETF华安
512150.SH,富时A50ETF汇安
512160.SH,MSCI中国A股ETF南方
512170.SH,医疗ETF华宝
512180.SH,MSCIA股ETF建信
512190.SH,浙商之江凤凰ETF
512200.SH,房地产ETF南方
512220.SH,TMTETF景顺
512240.SH,A50ETF鹏华
512250.SH,A50ETF招商
512260.SH,中证500低波动ETF华安
512290.SH,生物医药ETF国泰
512330.SH,信息科技ETF南方
512360.SH,MSCIA股ETF平安
512370.SH,A500增强ETF华夏
512380.SH,MSCI中国ETF银华
512390.SH,中国低波ETF平安
512400.SH,有色金属ETF南方
512410.SH,银行ETF广发
512420.SH,工程机械ETF华安
512430.SH,家居家电ETF华泰柏瑞
512450.SH,畜牧养殖ETF广发
512460.SH,电池ETF华夏
512480.SH,半导体ETF国联安
512500.SH,中证500ETF华夏
512510.SH,中证500ETF华泰柏瑞
512520.SH,MSCI中国ETF华泰柏瑞
512530.SH,沪深300红利ETF建信
512550.SH,富时A50ETF嘉实
512560.SH,军工ETF易方达
512570.SH,证券ETF易方达
512580.SH,环保ETF广发
512600.SH,消费ETF嘉实
512620.SH,农业ETF天弘
512630.SH,卫星ETF广发
512640.SH,金融地产ETF嘉实
512650.SH,长三角ETF汇添富
512660.SH,军工ETF国泰
512670.SH,国防ETF鹏华
512680.SH,军工ETF广发
512690.SH,酒ETF鹏华
512700.SH,银行ETF南方
512710.SH,军工龙头ETF富国
512720.SH,计算机ETF国泰
512730.SH,银行ETF鹏华
512740.SH,汽车零部件ETF广发
512750.SH,基本面50ETF嘉实
512760.SH,芯片ETF国泰
512770.SH,战略新兴ETF华夏
512800.SH,银行ETF华宝
512810.SH,军工ETF华宝
512820.SH,银行ETF汇添富
512870.SH,杭州湾区ETF南华
512880.SH,证券ETF国泰
512890.SH,红利低波ETF华泰柏瑞
512900.SH,证券ETF南方
512910.SH,A100ETF广发
512930.SH,AI人工智能ETF平安
512940.SH,有色ETF华安
512950.SH,央企改革ETF华夏
512960.SH,央企结构调整ETF博时
512970.SH,大湾区ETF平安
512980.SH,传媒ETF广发
512990.SH,MSCIA股ETF华夏
513000.SH,日经225ETF易方达
513010.SH,恒生科技ETF易方达
513020.SH,港股科技ETF国泰
513030.SH,德国ETF华安
513040.SH,港股通互联网ETF易方达
513050.SH,中概互联网ETF易方达
513060.SH,恒生医疗ETF博时
513070.SH,港股通消费ETF易方达
513080.SH,法国ETF华安
513090.SH,香港证券ETF易方达
513100.SH,纳指ETF国泰
513110.SH,纳指ETF华泰柏瑞
513120.SH,港股创新药ETF广发
513130.SH,恒生科技ETF华泰柏瑞
513140.SH,港股通金融ETF华泰柏瑞
513150.SH,港股通科技ETF华泰柏瑞
513160.SH,港股科技ETF银华
513170.SH,恒生央企ETF鹏华
513180.SH,恒生科技ETF华夏
513190.SH,港股通金融ETF华夏
513200.SH,港股通医药ETF易方达
513210.SH,恒生ETF易方达
513220.SH,中概互联ETF招商
513230.SH,港股通消费ETF华夏
513240.SH,港股通信息技术ETF华安
513260.SH,恒生科技ETF汇添富
513280.SH,恒生生物科技ETF汇添富
513290.SH,纳指生物科技ETF汇添富
513300.SH,纳斯达克ETF华夏
513310.SH,中韩半导体ETF华泰柏瑞
513320.SH,港股通新经济ETF易方达
513330.SH,恒生互联网ETF华夏
513350.SH,标普油气ETF富国
513360.SH,教育ETF博时
513380.SH,恒生科技ETF广发
513390.SH,纳指100ETF博时
513400.SH,道琼斯ETF鹏华
513500.SH,标普500ETF博时
513520.SH,日经ETF华夏
513530.SH,港股通红利ETF华泰柏瑞
513550.SH,港股通50ETF华泰柏瑞
513560.SH,香港科技ETF兴银
513580.SH,恒生科技ETF华安
513590.SH,港股通消费ETF鹏华
513600.SH,恒生指数ETF南方
513620.SH,港股医疗ETF银华
513630.SH,XD港股低波红利ETF摩根
513650.SH,标普500ETF南方
513660.SH,恒生ETF华夏
513690.SH,港股红利ETF博时
513700.SH,港股通医药ETF鹏华
513720.SH,港股互联网ETF国泰
513730.SH,东南亚科技ETF华泰柏瑞
513750.SH,港股通非银ETF广发
513770.SH,港股互联网ETF华宝
513780.SH,港股创新药ETF景顺
513800.SH,日本东证指数ETF南方
513810.SH,港股国企ETF华夏
513820.SH,港股通红利ETF汇添富
513830.SH,港股通高股息ETF嘉实
513850.SH,美国50ETF易方达
513860.SH,港股通科技ETF海富通
513870.SH,纳指ETF富国
513880.SH,日经225ETF华安
513890.SH,恒生科技ETF摩根
513900.SH,港股通100ETF华安
513910.SH,港股通央企红利ETF华夏
513920.SH,港股通央企红利ETF华安
513930.SH,恒生生物科技ETF华泰柏瑞
513950.SH,恒生红利ETF富国
513970.SH,恒生消费ETF景顺
513980.SH,港股科技ETF景顺
513990.SH,港股通ETF招商
515000.SH,科技ETF华宝
515010.SH,证券ETF华夏
515020.SH,银行ETF华夏
515030.SH,新能源车ETF华夏
515040.SH,工业有色ETF华夏
515050.SH,通信ETF华夏
515060.SH,房地产ETF华夏
515070.SH,人工智能ETF华夏
515080.SH,中证红利ETF招商
515090.SH,可持续发展ETF博时
515100.SH,红利低波100ETF景顺
515110.SH,一带一路ETF易方达
515120.SH,创新药ETF广发
515130.SH,沪深300ETF博时
515150.SH,一带一路ETF富国
515160.SH,MSCI中国ETF招商
515170.SH,食品饮料ETF华夏
515180.SH,红利ETF易方达
515190.SH,中证500ETF中银证券
515200.SH,创新100ETF申万菱信
515210.SH,钢铁ETF国泰
515220.SH,煤炭ETF国泰
515230.SH,软件ETF国泰
515250.SH,智能汽车ETF富国
515260.SH,电子ETF华宝
515290.SH,银行ETF天弘
515300.SH,300红利低波ETF嘉实
515310.SH,沪深300ETF汇添富
515320.SH,电子50ETF华安
515330.SH,沪深300ETF天弘
515350.SH,沪深300ETF民生加银
515360.SH,沪深300ETF方正富邦
515370.SH,光伏ETF华夏
515380.SH,沪深300ETF泰康
515390.SH,沪深300ETF华安
515400.SH,大数据ETF富国
515440.SH,A股ETF南方
515450.SH,红利低波50ETF南方
515460.SH,红利质量ETF南方
515480.SH,红利低波100ETF南方
515530.SH,中证500ETF泰康
515550.SH,中证500ETF国联
515560.SH,证券ETF建信
515580.SH,科技100ETF华泰柏瑞
515590.SH,500等权ETF前海开源
515600.SH,央企创新ETF广发
515630.SH,证券保险ETF鹏华
515640.SH,家电ETF华夏
515650.SH,消费50ETF富国
515660.SH,沪深300ETF国联安
515680.SH,央企创新ETF嘉实
515700.SH,新能源车ETF平安
515710.SH,食品饮料ETF华宝
515720.SH,金融科技ETF富国
515730.SH,家居家电ETF永赢
515750.SH,科技50ETF富国
515760.SH,浙江国资ETF华夏
515770.SH,MSCI中国A股ETF摩根
515790.SH,光伏ETF华泰柏瑞
515800.SH,中证800ETF汇添富
515810.SH,中证800ETF易方达
515840.SH,食品ETF南方
515850.SH,证券ETF富国
515860.SH,科技ETF嘉实
515880.SH,通信ETF国泰
515890.SH,红利ETF博时
515900.SH,央企创新ETF博时
515910.SH,质量ETF中金
515920.SH,智能消费ETF博时
515940.SH,电网设备ETF南方
515950.SH,医药50ETF富国
515960.SH,医药ETF嘉实
515970.SH,工程机械ETF华夏
515980.SH,人工智能ETF华富
515990.SH,一带一路ETF汇添富
516000.SH,大数据ETF华夏
516010.SH,游戏ETF国泰
516020.SH,化工ETF华宝
516040.SH,N300现金流ETF华夏
516050.SH,科技龙头ETF工银
516060.SH,创新药ETF工银
516070.SH,低碳ETF易方达
516080.SH,创新药ETF易方达
516090.SH,新能源ETF易方达
516100.SH,金融科技ETF华夏
516110.SH,汽车ETF国泰
516120.SH,化工ETF富国
516130.SH,消费龙头ETF华宝
516150.SH,稀土ETF嘉实
516160.SH,新能源ETF南方
516180.SH,光伏ETF平安
516190.SH,传媒ETF华夏
516200.SH,证券ETF华安
516210.SH,银行ETF华安
516220.SH,化工ETF国泰
516230.SH,光伏ETF招商
516250.SH,工程机械ETF富国
516260.SH,物联网ETF华夏
516270.SH,新能源ETF华安
516290.SH,光伏ETF汇添富
516300.SH,中证1000ETF华泰柏瑞
516310.SH,银行ETF易方达
516320.SH,高端装备ETF华夏
516330.SH,物联网ETF华泰柏瑞
516350.SH,芯片ETF易方达
516360.SH,新材料ETF华宝
516370.SH,电力ETF汇添富
516380.SH,智能电动车ETF华宝
516390.SH,新能源车ETF汇添富
516440.SH,工程机械ETF南方
516460.SH,现金流ETF800鹏华
516500.SH,生物科技ETF华夏
516510.SH,云计算ETF易方达
516520.SH,智能驾驶ETF华泰柏瑞
516530.SH,物流ETF银华
516550.SH,农业ETF嘉实
516560.SH,养老ETF华宝
516570.SH,石化ETF易方达
516580.SH,新能源ETF博时
516590.SH,智能汽车ETF易方达
516600.SH,消费服务ETF工银
516610.SH,医疗设备ETF大成
516620.SH,影视ETF国泰
516630.SH,云计算ETF华夏
516640.SH,芯片ETF富国
516650.SH,有色金属ETF华夏
516660.SH,新能源车ETF华安
516670.SH,畜牧养殖ETF招商
516700.SH,大数据ETF华宝
516710.SH,新材料ETF华夏
516720.SH,ESGETF浦银
516730.SH,证券ETF浦银
516750.SH,建材ETF富国
516760.SH,养殖ETF平安
516770.SH,游戏ETF华泰柏瑞
516780.SH,稀土ETF华泰柏瑞
516790.SH,医疗ETF华泰柏瑞
516800.SH,智能制造ETF华宝
516810.SH,农业ETF华夏
516820.SH,医疗创新ETF平安
516830.SH,沪深300ESGETF富国
516840.SH,汽车ETF南方
516850.SH,新能源ETF华夏
516860.SH,金融科技ETF博时
516880.SH,光伏ETF银华
516890.SH,新材料ETF平安
516900.SH,食品饮料ETF华安
516910.SH,物流ETF富国
516920.SH,芯片ETF汇添富
516930.SH,生物科技ETF民生加银
516950.SH,基建ETF银华
516960.SH,机械ETF国泰
516970.SH,基建ETF广发
516980.SH,证券先锋ETF华富
517000.SH,沪港深500ETF银华
517010.SH,沪港深500ETF易方达
517030.SH,沪港深300ETF易方达
517050.SH,互联网ETF华泰柏瑞
517080.SH,沪港深500ETF汇添富
517090.SH,央企共赢ETF国泰
517100.SH,沪港深500ETF富国
517110.SH,创新药ETF国泰
517120.SH,创新药ETF华泰柏瑞
517130.SH,云计算ETF嘉实
517160.SH,长江保护ETF南方
517170.SH,沪港深500ETF华夏
517180.SH,中国国企ETF南方
517200.SH,互联网ETF嘉实
517230.SH,云计算ETF永赢
517300.SH,沪港深300ETF国寿
517330.SH,长江保护ETF易方达
517350.SH,沪港深科技ETF广发
517360.SH,沪港深科技ETF华安
517380.SH,创新药ETF天弘
517390.SH,云计算ETF天弘
517400.SH,黄金股ETF国泰
517520.SH,黄金股ETF永赢
517550.SH,沪港深消费龙头ETF招商
517660.SH,物联网ETF天弘
517770.SH,游戏传媒ETF浦银
517800.SH,人工智能50ETF方正富邦
517850.SH,张江ETF汇添富
517880.SH,品牌消费ETF华泰柏瑞
517900.SH,银行AH优选ETF招商
517950.SH,沪深港科技50ETF交银
517990.SH,沪港深医药ETF招商
518600.SH,金ETF广发
518660.SH,黄金ETF工银
518680.SH,金ETF富国
518800.SH,黄金ETF国泰
518850.SH,黄金ETF华夏
518860.SH,上海金ETF建信
518880.SH,黄金ETF华安
518890.SH,上海金ETF中银
520500.SH,恒生创新药ETF华泰柏瑞
520510.SH,港股通医疗ETF华夏
520520.SH,恒生消费ETF华泰柏瑞
520530.SH,港股通科技ETF东财
520550.SH,港股红利低波ETF招商
520560.SH,香港大盘30ETF华宝
520570.SH,恒生科技ETF南方
520580.SH,新兴亚洲ETF招商
520590.SH,恒生科技ETF鹏华
520600.SH,港股通汽车ETF广发
520610.SH,港股红利低波ETF银华
520620.SH,恒生消费ETF嘉实
520630.SH,港股通互联网ETF广发
520650.SH,港股通互联网ETF南方
520660.SH,港股通央企红利ETF南方
520670.SH,港股通科技ETF嘉实
520680.SH,港股通汽车ETF南方
520690.SH,港股创新药ETF博时
520700.SH,港股通创新药ETF万家
520710.SH,港股通信息技术ETF广发
520720.SH,港股汽车ETF国泰
520730.SH,港股通汽车ETF万家
520740.SH,港股通互联网ETF华安
520750.SH,港股通信息ETF华富
520760.SH,恒生生物科技ETF摩根
520770.SH,恒指港股通ETF建信
520780.SH,港股通汽车ETF华宝
520790.SH,港股通互联网ETF兴业
520810.SH,港股通红利ETF易方达
520820.SH,恒指港股通ETF汇添富
520830.SH,沙特ETF华泰柏瑞
520840.SH,港股通恒生科技ETF华安
520850.SH,港股通医疗ETF易方达
520860.SH,港股通科技ETF富国
520870.SH,巴西ETF易方达
520880.SH,港股通创新药ETF华宝
520890.SH,港股通红利低波ETF华泰柏瑞
520900.SH,港股通红利ETF广发
520910.SH,港股通互联网ETF华夏
520920.SH,恒生科技ETF天弘
520930.SH,恒生生物科技ETF国泰
520940.SH,港股通恒生ETF华安
520950.SH,港股通50ETF摩根
520960.SH,恒指港股通ETF嘉实
520970.SH,港股通创新药ETF嘉实
520980.SH,港股通科技ETF汇添富
520990.SH,港股央企红利ETF景顺
526000.SH,港股通信息技术ETF华夏
526010.SH,港股通医疗ETF汇添富
526030.SH,港股通信息技术ETF汇添富
526050.SH,港股通信息技术ETF招商
526060.SH,港股通信息技术ETF华泰柏瑞
526070.SH,恒指港股通ETF博时
530000.SH,上证50ETF天弘
530050.SH,上证50ETF东财
530060.SH,上证指数ETF易方达
530080.SH,上证180ETF天弘
530100.SH,上证580ETF易方达
530180.SH,上证180ETF易方达
530280.SH,上证180ETF平安
530300.SH,上证180ETF华泰柏瑞
530380.SH,上证380ETF易方达
530530.SH,上证580ETF华夏
530580.SH,上证180ETF南方
530680.SH,上证180ETF兴业
530800.SH,上证180ETF银华
530880.SH,红利国企ETF银河
551000.SH,科创债ETF博时
551030.SH,科创债ETF鹏华
551060.SH,科创债ETF中银
551300.SH,科创债ETF摩根
551500.SH,科创债ETF易方达
551510.SH,科创债ETF华泰柏瑞
551520.SH,科创债ETF汇添富
551550.SH,科创债ETF华夏
551560.SH,科创债ETF兴业
551580.SH,科创债ETF泰康
551800.SH,科创债ETF国泰
551900.SH,科创债ETF招商
560010.SH,中证1000ETF广发
560020.SH,红利ETF汇添富
560030.SH,800价值ETF汇添富
560050.SH,中国A50ETF汇添富
560060.SH,碳中和ETF汇添富
560070.SH,央企红利ETF汇添富
560080.SH,中药ETF汇添富
560090.SH,证券ETF汇添富
560100.SH,中证500增强ETF南方
560110.SH,中证1000ETF汇添富
560120.SH,中证500现金流ETF华夏
560130.SH,食品ETF鹏华
560150.SH,红利低波ETF泰康
560160.SH,食品ETF易方达
560170.SH,央企科技ETF南方
560180.SH,沪深300ESGETF南方
560190.SH,公用事业ETF鹏华
560210.SH,农牧渔ETF景顺
560220.SH,中证2000ETF广发
560230.SH,光伏ETF富国
560250.SH,红利质量ETF富国
560260.SH,医疗ETF广发
560270.SH,电力ETF工银
560280.SH,工程机械ETF广发
560290.SH,有色ETF景顺
560300.SH,电信ETF汇添富
560310.SH,光伏ETF博时
560320.SH,食品ETF富国
560330.SH,沪深300价值ETF申万菱信
560350.SH,中证A50ETF摩根
560360.SH,软件ETF万家
560370.SH,红利质量ETF易方达
560380.SH,A100ETF南方
560390.SH,电网设备ETF易方达
560400.SH,证券ETF华泰柏瑞
560410.SH,电池ETF鹏华
560420.SH,食品ETF前海开源
560450.SH,电力ETF天弘
560460.SH,电力ETF平安
560470.SH,有色ETF易方达
560480.SH,电力ETF招商
560490.SH,工业有色ETF华泰柏瑞
560500.SH,500质量成长ETF鹏扬
560510.SH,中证A500ETF泰康
560520.SH,红利低波100ETF大成
560530.SH,中证A500ETF摩根
560550.SH,碳中和ETF广发
560560.SH,碳中和ETF泰康
560570.SH,XDA500红利ETF国联安
560580.SH,电力ETF南方
560590.SH,中证1000增强ETF鹏华
560610.SH,A500ETF招商
560620.SH,公用事业ETF万家
560630.SH,机器人ETF万家
560660.SH,云计算50ETF新华
560670.SH,银行ETF华泰柏瑞
560680.SH,消费ETF广发
560690.SH,电信ETF鹏华
560700.SH,央企红利ETF广发
560710.SH,船舶ETF富国
560720.SH,红利低波100ETF工银
560730.SH,红利低波ETF国泰海通
560750.SH,A500ETF申万菱信
560770.SH,机器人ETF招商
560780.SH,半导体设备ETF广发
560790.SH,软件ETF鹏华
560800.SH,数字经济ETF鹏扬
560810.SH,央企ESGETF融通
560820.SH,中证A50ETF新华
560830.SH,电力ETF华夏
560850.SH,信创ETF汇添富
560860.SH,工业有色ETF万家
560870.SH,工业有色ETF中银
560880.SH,家电ETF广发
560900.SH,创新药ETF摩根
560910.SH,电池ETF华泰柏瑞
560920.SH,工程机械ETF招商
560930.SH,电力ETF易方达
560950.SH,中证500增强ETF汇添富
560970.SH,工业有色ETF平安
560980.SH,光伏龙头ETF广发
560990.SH,科技先锋ETF中金
561000.SH,沪深300增强ETF华安
561010.SH,软件ETF华安
561020.SH,食品ETF招商
561030.SH,工程机械ETF华泰柏瑞
561050.SH,稀有金属ETF易方达
561060.SH,国企红利ETF华安
561080.SH,全指现金流ETF华安
561090.SH,A500增强ETF华安
561100.SH,消费电子ETF富国
561120.SH,家电ETF富国
561130.SH,国货ETF富国
561160.SH,电池ETF富国
561170.SH,绿色电力ETF富国
561180.SH,A100ETF富国
561190.SH,碳中和ETF富国
561200.SH,中证A100ETF工银
561220.SH,数字经济ETF工银
561230.SH,中证A50ETF工银
561250.SH,稀有金属ETF鹏华
561260.SH,能源ETF工银
561280.SH,中证1000增强ETF工银
561300.SH,沪深300增强ETF国泰
561310.SH,消电ETF国泰
561320.SH,交运ETF国泰
561330.SH,矿业ETF国泰
561350.SH,中证500ETF国泰
561360.SH,石油ETF国泰
561370.SH,中证2000ETF国泰
561380.SH,电网设备ETF国泰
561390.SH,稀有金属ETF平安
561400.SH,畜牧养殖ETF鑫元
561410.SH,光伏ETF工银
561420.SH,300现金流ETF汇添富
561430.SH,红利质量ETF博时
561450.SH,红利低波50ETF华泰柏瑞
561460.SH,人工智能ETF天弘
561470.SH,畜牧养殖ETF天弘
561490.SH,红利质量ETF财通
561500.SH,漂亮50ETF华泰柏瑞
561510.SH,中药ETF华泰柏瑞
561530.SH,银行ETF银华
561550.SH,中证500增强ETF华泰柏瑞
561560.SH,电力ETF华泰柏瑞
561570.SH,油气ETF华泰柏瑞
561580.SH,央企红利ETF华泰柏瑞
561590.SH,中证1000增强ETF华泰柏瑞
561600.SH,消费电子ETF平安
561610.SH,绿色电力ETF鑫元
561620.SH,化工ETF华泰柏瑞
561630.SH,红利质量ETF华泰柏瑞
561660.SH,通用航空ETF平安
561680.SH,A500红利低波ETF平安
561690.SH,300质量ETF农银
561700.SH,电力ETF博时
561730.SH,A股ETF华夏
561750.SH,A50ETF博时
561760.SH,油气ETF博时
561770.SH,A100ETF博时
561780.SH,1000增强ETF博时
561790.SH,央企能源ETF博时
561800.SH,稀有金属ETF华富
561810.SH,医疗器械ETF华泰柏瑞
561830.SH,有色ETF国泰海通
561870.SH,现金流全指ETF华富
561880.SH,A100ETF华富
561890.SH,A股ETF易方达
561900.SH,沪深300ESGETF招商
561910.SH,电池ETF招商
561920.SH,疫苗ETF招商
561930.SH,沪深300ETF招商
561950.SH,中证500增强ETF招商
561960.SH,央企回报ETF招商
561980.SH,半导体设备ETF招商
561990.SH,沪深300增强ETF招商
562000.SH,A100ETF华宝
562010.SH,绿色能源ETF华宝
562030.SH,信创ETF华宝
562050.SH,药ETF华宝
562060.SH,标普A股红利ETF华宝
562070.SH,沪深300指增ETF华宝
562080.SH,300现金流ETF华宝
562110.SH,云计算50ETF东方红
562150.SH,红利质量ETF鹏华
562170.SH,沪深300现金流ETF易方达
562180.SH,A500红利低波ETF招商
562300.SH,碳中和ETF银华
562310.SH,沪深300成长ETF银华
562320.SH,沪深300价值ETF银华
562330.SH,中证500价值ETF银华
562340.SH,中证500成长ETF银华
562350.SH,电力ETF银华
562360.SH,机器人ETF银华
562380.SH,央企科技ETF银华
562390.SH,中药ETF银华
562500.SH,机器人ETF华夏
562510.SH,旅游ETF华夏
562520.SH,中证1000成长ETF华夏
562530.SH,中证1000价值ETF华夏
562550.SH,绿电ETF华夏
562560.SH,信息技术ETF华夏
562570.SH,信创ETF华夏
562580.SH,可选消费ETF华夏
562590.SH,半导体设备ETF华夏
562600.SH,医疗器械ETF华夏
562660.SH,中证2000ETF华夏
562700.SH,汽车零部件ETF华夏
562800.SH,稀有金属ETF嘉实
562810.SH,上证指数增强ETF嘉实
562820.SH,集成电路ETF嘉实
562850.SH,央企能源ETF嘉实
562860.SH,疫苗ETF嘉实
562870.SH,证券ETF嘉实
562880.SH,电池ETF嘉实
562890.SH,A50ETF嘉实
562900.SH,农业ETF易方达
562910.SH,高端制造ETF易方达
562920.SH,信息安全ETF易方达
562930.SH,软件ETF易方达
562950.SH,消费电子ETF易方达
562960.SH,绿色电力ETF易方达
562970.SH,光伏ETF易方达
562990.SH,碳中和ETF易方达
563000.SH,中国A50ETF易方达
563010.SH,电信ETF易方达
563020.SH,红利低波ETF易方达
563030.SH,中证500增强ETF易方达
563050.SH,央企科技ETF易方达
563060.SH,央企50ETF易方达
563080.SH,中证A50ETF易方达
563090.SH,上证50增强ETF易方达
563150.SH,油气ETF银华
563180.SH,高股息ETF银华
563200.SH,中证2000ETF富国
563210.SH,专精特新ETF富国
563220.SH,A500ETF富国
563230.SH,卫星ETF富国
563280.SH,A50增强ETF富国
563300.SH,中证2000ETF华泰柏瑞
563320.SH,通用航空ETF华泰柏瑞
563330.SH,A股ETF华泰柏瑞
563350.SH,A50ETF华泰柏瑞
563360.SH,A500ETF华泰柏瑞
563380.SH,航空航天ETF华泰柏瑞
563390.SH,全指现金流ETF华泰柏瑞
563500.SH,A500ETF华宝
563510.SH,A500红利低波ETF易方达
563520.SH,沪深300ETF永赢
563530.SH,卫星ETF易方达
563550.SH,A500增强ETF摩根
563560.SH,科技成长ETF兴业
563570.SH,金融科技ETF兴业
563580.SH,自由现金流800ETF万家
563590.SH,A500红利低波动ETF国寿
563600.SH,A500增强ETF易方达
563620.SH,全指现金流ETF兴业
563630.SH,A500增强ETF国联安
563650.SH,中证A500ETF兴业
563660.SH,A500ETF银河
563670.SH,金融科技ETF鹏华
563680.SH,800现金流ETF汇添富
563690.SH,红利低波ETF永赢
563700.SH,红利价值ETF易方达
563750.SH,中证500ETF汇添富
563760.SH,全指现金流ETF中银
563770.SH,全指现金流ETF招商
563780.SH,现金流全指ETF方正富邦
563790.SH,卫星ETF鹏华
563800.SH,A500ETF广发
563830.SH,全指现金流ETF博时
563850.SH,食品ETF广发
563860.SH,中证A500ETF海富通
563870.SH,通用航空ETF鹏华
563880.SH,A500ETF汇添富
563890.SH,国企红利ETF创金合信
563900.SH,300自由现金流ETF摩根
563930.SH,上证增强ETF招商
563960.SH,300质量ETF兴全
563980.SH,800红利低波ETF鑫元
563990.SH,800现金流ETF富国
588000.SH,科创50ETF华夏
588010.SH,科创新材料ETF博时
588020.SH,科创成长ETF易方达
588030.SH,科创100ETF博时
588040.SH,科创50ETF鹏华
588050.SH,科创50ETF工银
588060.SH,科创50ETF广发
588070.SH,科创成长ETF万家
588080.SH,科创50ETF易方达
588090.SH,科创50ETF华泰柏瑞
588100.SH,科创信息ETF嘉实
588110.SH,科创成长ETF广发
588120.SH,科创100ETF国泰
588130.SH,科创医药ETF华夏
588140.SH,科创200ETF广发
588150.SH,科创50ETF南方
588160.SH,科创新材料ETF南方
588170.SH,科创半导体ETF华夏
588180.SH,科创50ETF国联安
588190.SH,科创100ETF银华
588200.SH,科创芯片ETF嘉实
588210.SH,科创100ETF易方达
588220.SH,科创100ETF鹏华
588230.SH,科创200ETF华泰柏瑞
588240.SH,科创200ETF鹏华
588250.SH,科创医药ETF鹏华
588260.SH,科创信息ETF华安
588270.SH,科创200ETF易方达
588280.SH,科创50ETF华安
588290.SH,科创芯片ETF华安
588300.SH,科创创业50ETF招商
588310.SH,科创创业ETF方正富邦
588320.SH,双创50增强ETF广发
588330.SH,双创50ETF华宝
588350.SH,科创创业50ETF鹏扬
588360.SH,科创创业ETF国泰
588370.SH,科创50增强ETF南方
588380.SH,科创创业ETF富国
588390.SH,科创创业ETF博时
588400.SH,科创创业ETF嘉实
588410.SH,科创创业人工智能ETF鹏华
588420.SH,科创创业人工智能ETF摩根
588430.SH,科创创业人工智能ETF工银
588450.SH,科创50增强ETF招商
588460.SH,科创50增强ETF鹏华
588470.SH,科创创业人工智能ETF华安
588480.SH,科创创业人工智能ETF中金
588500.SH,科创100增强ETF易方达
588510.SH,科创创业人工智能ETF华夏
588520.SH,科创增强ETF永赢
588530.SH,科创创业人工智能ETF中银证券
588550.SH,科创综指增强ETF易方达
588660.SH,科创创业50ETF兴银
588670.SH,科创综指增强ETF嘉实
588680.SH,科创100增强ETF广发
588690.SH,科创增强ETF银华
588700.SH,科创医药ETF嘉实
588710.SH,科创半导体设备ETF华泰柏瑞
588720.SH,科创50ETF中银
588730.SH,科创人工智能ETF易方达
588750.SH,科创芯片ETF汇添富
588760.SH,科创人工智能ETF广发
588770.SH,科创信息ETF摩根
588780.SH,科创芯片设计ETF国联安
588790.SH,科创AIETF博时
588800.SH,科创100ETF华夏
588810.SH,科创芯片ETF富国
588820.SH,科创200ETF华夏
588830.SH,科创新能源ETF鹏华
588840.SH,科创50ETF万家
588850.SH,科创机械ETF嘉实
588860.SH,科创医药ETF工银
588870.SH,科创50ETF汇添富
588880.SH,科创100ETF华泰柏瑞
588890.SH,科创芯片ETF南方
588900.SH,科创100ETF南方
588910.SH,科创价值ETF建信
588920.SH,科创芯片ETF鹏华
588930.SH,科创人工智能ETF银华
588940.SH,科创50ETF富国
588950.SH,科创50ETF景顺
588960.SH,科创新能源ETF富国
588980.SH,科创100ETF广发
588990.SH,科创芯片ETF博时
589000.SH,科创综指ETF华夏
589010.SH,科创人工智能ETF华夏
589020.SH,科创半导体设备ETF鹏华
589030.SH,科创芯片设计ETF易方达
589050.SH,科创综指ETF兴业
589060.SH,科创综指ETF东财
589070.SH,科创芯片设计ETF天弘
589080.SH,科创综指ETF汇添富
589090.SH,科创AIETF鹏华
589100.SH,科创芯片ETF国泰
589110.SH,科创人工智能ETF国泰
589120.SH,科创创新药ETF汇添富
589130.SH,科创芯片ETF易方达
589150.SH,科创50ETF平安
589160.SH,科创芯片ETF广发
589170.SH,科创芯片设计ETF鹏华
589180.SH,科创新材料ETF汇添富
589190.SH,科创芯片ETF华宝
589200.SH,科创200ETF工银
589210.SH,科创芯片设计ETF广发
589220.SH,科创200ETF国泰
589230.SH,科创人工智能ETF南方
589250.SH,科创芯片设计ETF浦银
589260.SH,科创芯片设计ETF国泰
589270.SH,科创100ETF前海开源
589280.SH,科创增强ETF华宝
589290.SH,科创芯片设计ETF汇添富
589300.SH,科创综指ETF嘉实
589310.SH,科创人工智能ETF鑫元
589320.SH,科创200ETF嘉实
589330.SH,科创200ETF东财
589350.SH,科创芯片设计ETF银华
589360.SH,科创50ETF国泰
589380.SH,科创人工智能ETF富国
589390.SH,科创芯片设计ETF招商
589400.SH,科创芯片设计ETF富国
589410.SH,科创人工智能ETF嘉实
589420.SH,科创芯片设计ETF永赢
589430.SH,科创芯片设计ETF华宝
589460.SH,科创200ETF华宝
589500.SH,科创综指ETF工银
589510.SH,科创新材料ETF易方达
589520.SH,科创人工智能ETF华宝
589550.SH,科创价值ETF华夏
589560.SH,科创人工智能ETF汇添富
589580.SH,科创综指ETF兴银
589600.SH,科创综指ETF富国
589630.SH,科创综指ETF国泰
589660.SH,科创综指ETF南方
589680.SH,科创综指ETF鹏华
589700.SH,科创成长ETF南方
589720.SH,科创创新药ETF国泰
589770.SH,科创综指ETF招商
589780.SH,科创200ETF富国
589800.SH,科创综指ETF易方达
589820.SH,科创200ETF建信
589850.SH,科创50ETF东财
589860.SH,科创综指ETF天弘
589880.SH,科创综指ETF建信
589890.SH,科创综指ETF景顺
589900.SH,科创综指ETF博时
589950.SH,科创100ETF富国
589960.SH,科创新能源ETF易方达
589980.SH,科创100ETF汇添富
589990.SH,科创综指ETF华泰柏瑞
