110073.SH,国投转债
110074.SH,精达转债
110075.SH,南航转债
110076.SH,华海转债
110077.SH,洪城转债
110081.SH,闻泰转债
110084.SH,贵燃转债
110085.SH,通22转债
110086.SH,精工转债
110087.SH,天业转债
110090.SH,爱迪转债
110092.SH,三房转债
110093.SH,神马转债
110095.SH,双良转债
110097.SH,天润转债
110098.SH,南药转债
110099.SH,福能转债
110100.SH,龙建转债
111000.SH,起帆转债
111001.SH,山玻转债
111002.SH,特纸转债
111003.SH,聚合转债
111004.SH,明新转债
111005.SH,富春转债
111009.SH,盛泰转债
111010.SH,立昂转债
111012.SH,福新转债
111013.SH,新港转债
111014.SH,李子转债
111015.SH,东亚转债
111017.SH,蓝天转债
111018.SH,华康转债
111020.SH,合顺转债
111021.SH,奥锐转债
111022.SH,锡振转债
111023.SH,利柏转债
111024.SH,澳弘转债
113037.SH,紫银转债
113039.SH,嘉泽转债
113042.SH,上银转债
113043.SH,财通转债
113046.SH,金田转债
113048.SH,晶科转债
113049.SH,长汽转债
113051.SH,节能转债
113052.SH,兴业转债
113053.SH,隆22转债
113054.SH,绿动转债
113056.SH,重银转债
113058.SH,友发转债
113059.SH,福莱转债
113062.SH,常银转债
113066.SH,平煤转债
113067.SH,燃23转债
113070.SH,渝水转债
113575.SH,东时转债
113579.SH,健友转债
113584.SH,家悦转债
113588.SH,润达转债
113589.SH,天创转债
113597.SH,佳力转债
113605.SH,大参转债
113610.SH,灵康转债
113615.SH,金诚转债
113616.SH,韦尔转债
113618.SH,美诺转债
113624.SH,正川转债
113625.SH,江山转债
113627.SH,太平转债
113631.SH,皖天转债
113632.SH,鹤21转债
113633.SH,科沃转债
113634.SH,珀莱转债
113636.SH,甬金转债
113638.SH,台21转债
113640.SH,苏利转债
113643.SH,风语转债
113646.SH,永吉转债
113647.SH,禾丰转债
113648.SH,巨星转债
113649.SH,丰山转债
113650.SH,博22转债
113652.SH,伟22转债
113653.SH,永22转债
113654.SH,永02转债
113655.SH,欧22转债
113656.SH,嘉诚转债
113658.SH,密卫转债
113659.SH,莱克转债
113660.SH,寿22转债
113661.SH,福22转债
113665.SH,汇通转债
113666.SH,爱玛转债
113667.SH,春23转债
113670.SH,金23转债
113671.SH,武进转债
113673.SH,岱美转债
113674.SH,华设转债
113677.SH,华懋转债
113678.SH,中贝转债
113679.SH,芯能转债
113680.SH,丽岛转债
113681.SH,镇洋转债
113682.SH,益丰转债
113686.SH,泰瑞转债
113687.SH,振华转债
113688.SH,国检转债
113691.SH,和邦转债
113692.SH,保隆转债
113693.SH,志邦转债
113694.SH,清源转债
113695.SH,华辰转债
113696.SH,伯25转债
113697.SH,应流转债
113698.SH,凯众转债
113699.SH,金25转债
113700.SH,海天转债
113701.SH,祥和转债
118003.SH,华兴转债
118004.SH,博瑞转债
118005.SH,天奈转债
118006.SH,阿拉转债
118007.SH,山石转债
118010.SH,洁特转债
118011.SH,银微转债
118012.SH,微芯转债
118013.SH,道通转债
118015.SH,芯海转债
118016.SH,京源转债
118018.SH,瑞科转债
118020.SH,芳源转债
118022.SH,锂科转债
118024.SH,冠宇转债
118025.SH,奕瑞转债
118027.SH,宏图转债
118030.SH,睿创转债
118031.SH,天23转债
118032.SH,建龙转债
118033.SH,华特转债
118034.SH,晶能转债
118035.SH,国力转债
118036.SH,力合转债
118037.SH,上声转债
118038.SH,金宏转债
118039.SH,煜邦转债
118040.SH,宏微转债
118041.SH,星球转债
118042.SH,奥维转债
118044.SH,赛特转债
118049.SH,汇成转债
118050.SH,航宇转债
118051.SH,皓元转债
118052.SH,浩瀚转债
118053.SH,正帆转债
118056.SH,路维转债
118057.SH,甬矽转债
118058.SH,微导转债
118059.SH,颀中转债
118060.SH,瑞可转债
118061.SH,茂莱转债
118062.SH,天准转债
118063.SH,金05转债
118064.SH,联瑞转债
118065.SH,艾为转债
118066.SH,统联转债
118067.SH,上26转债
123054.SZ,思特转债
123059.SZ,银信转债
123061.SZ,航新转债
123064.SZ,万孚转债
123065.SZ,宝莱转债
123071.SZ,天能转债
123072.SZ,乐歌转债
123076.SZ,强力转债
123080.SZ,海波转债
123088.SZ,威唐转债
123090.SZ,三诺转债
123091.SZ,长海转债
123092.SZ,天壕转债
123104.SZ,卫宁转债
123107.SZ,温氏转债
123109.SZ,昌红转债
123112.SZ,万讯转债
123113.SZ,仙乐转债
123114.SZ,三角转债
123117.SZ,健帆转债
123118.SZ,惠城转债
123121.SZ,帝尔转债
123122.SZ,富瀚转债
123126.SZ,瑞丰转债
123129.SZ,锦鸡转债
123131.SZ,奥飞转债
123133.SZ,佩蒂转债
123138.SZ,丝路转债
123142.SZ,申昊转债
123144.SZ,裕兴转债
123149.SZ,通裕转债
123150.SZ,九强转债
123151.SZ,康医转债
123154.SZ,火星转债
123155.SZ,中陆转债
123157.SZ,科蓝转债
123158.SZ,宙邦转债
123160.SZ,泰福转债
123165.SZ,回天转债
123168.SZ,惠云转债
123171.SZ,共同转债
123172.SZ,漱玉转债
123173.SZ,恒锋转债
123175.SZ,百畅转债
123178.SZ,花园转债
123179.SZ,立高转债
123180.SZ,浙矿转债
123183.SZ,海顺转债
123187.SZ,超达转债
123188.SZ,水羊转债
123189.SZ,晓鸣转债
123192.SZ,科思转债
123193.SZ,海能转债
123194.SZ,百洋转债
123197.SZ,光力转债
123198.SZ,金埔转债
123199.SZ,山河转债
123207.SZ,冠中转债
123209.SZ,聚隆转债
123211.SZ,阳谷转债
123213.SZ,天源转债
123214.SZ,东宝转债
123215.SZ,铭利转债
123216.SZ,科顺转债
123220.SZ,易瑞转债
123222.SZ,博俊转债
123224.SZ,宇邦转债
123225.SZ,翔丰转债
123229.SZ,艾录转债
123235.SZ,亿田转债
123236.SZ,家联转债
123237.SZ,佳禾转债
123241.SZ,欧通转债
123243.SZ,严牌转债
123245.SZ,集智转债
123246.SZ,远信转债
123247.SZ,万凯转债
123250.SZ,嘉益转债
123251.SZ,华医转债
123252.SZ,银邦转债
123253.SZ,永贵转债
123254.SZ,亿纬转债
123255.SZ,鼎龙转债
123256.SZ,恒帅转债
123257.SZ,安克转债
123260.SZ,卓镁转债
123261.SZ,普联转债
123262.SZ,神宇转债
123263.SZ,鼎捷转债
123264.SZ,双乐转债
123266.SZ,博士转债
127017.SZ,万青转债
127018.SZ,本钢转债
127024.SZ,盈峰转债
127025.SZ,冀东转债
127026.SZ,超声转债
127027.SZ,能化转债
127030.SZ,盛虹转债
127031.SZ,洋丰转债
127034.SZ,绿茵转债
127037.SZ,银轮转债
127038.SZ,国微转债
127040.SZ,国泰转债
127041.SZ,弘亚转债
127044.SZ,蒙娜转债
127045.SZ,牧原转债
127046.SZ,百润转债
127047.SZ,帝欧转债
127050.SZ,麒麟转债
127053.SZ,豪美转债
127054.SZ,双箭转债
127055.SZ,精装转债
127056.SZ,中特转债
127060.SZ,湘佳转债
127061.SZ,美锦转债
127062.SZ,垒知转债
127064.SZ,杭氧转债
127066.SZ,科利转债
127068.SZ,顺博转债
127069.SZ,小熊转债
127070.SZ,大中转债
127072.SZ,博实转债
127078.SZ,优彩转债
127079.SZ,华亚转债
127080.SZ,声迅转债
127082.SZ,亚科转债
127083.SZ,山路转债
127085.SZ,韵达转债
127088.SZ,赫达转债
127089.SZ,晶澳转债
127090.SZ,兴瑞转债
127092.SZ,运机转债
127093.SZ,章鼓转债
127094.SZ,红墙转债
127095.SZ,广泰转债
127096.SZ,泰坦转债
127098.SZ,欧晶转债
127099.SZ,盛航转债
127102.SZ,浙建转债
127103.SZ,东南转债
127104.SZ,姚记转债
127105.SZ,龙星转债
127108.SZ,太能转债
127109.SZ,电化转债
127110.SZ,广核转债
127111.SZ,金威转债
127112.SZ,尚太转债
127113.SZ,长高转债
128044.SZ,岭南转债
128108.SZ,蓝帆转债
128119.SZ,龙大转债
128121.SZ,宏川转债
128124.SZ,科华转债
128125.SZ,华阳转债
128127.SZ,文科转债
128129.SZ,青农转债
128134.SZ,鸿路转债
128135.SZ,洽洽转债
128136.SZ,立讯转债
128137.SZ,洁美转债
128138.SZ,侨银转债
128141.SZ,旺能转债
128142.SZ,新乳转债
